dataset,phase,n,method,time_cap_ms,attained,budget,error
amazon,test,720,ann_O_multi,0.125,False,,
amazon,test,720,ann_O_multi,0.25,False,,
amazon,test,720,ann_O_multi,0.5,False,,
amazon,test,720,ann_O_multi,1.0,False,,
amazon,test,720,ann_O_multi,2.0,False,,
amazon,test,720,ann_O_multi,4.0,True,128.0,0.04199953458011232
amazon,test,720,ann_O_single,0.125,False,,
amazon,test,720,ann_O_single,0.25,False,,
amazon,test,720,ann_O_single,0.5,False,,
amazon,test,720,ann_O_single,1.0,False,,
amazon,test,720,ann_O_single,2.0,False,,
amazon,test,720,ann_O_single,4.0,True,128.0,0.05399408649350386
amazon,test,720,ann_T_multi,0.125,False,,
amazon,test,720,ann_T_multi,0.25,False,,
amazon,test,720,ann_T_multi,0.5,False,,
amazon,test,720,ann_T_multi,1.0,False,,
amazon,test,720,ann_T_multi,2.0,True,32.0,0.15465702552607952
amazon,test,720,ann_T_multi,4.0,True,128.0,0.06634270463390762
amazon,test,720,ann_T_single,0.125,False,,
amazon,test,720,ann_T_single,0.25,False,,
amazon,test,720,ann_T_single,0.5,False,,
amazon,test,720,ann_T_single,1.0,False,,
amazon,test,720,ann_T_single,2.0,True,64.0,0.14686300323471346
amazon,test,720,ann_T_single,4.0,True,128.0,0.08157879859305278
amazon,test,720,exact,0.125,False,,
amazon,test,720,exact,0.25,False,,
amazon,test,720,exact,0.5,False,,
amazon,test,720,exact,1.0,False,,
amazon,test,720,exact,2.0,False,,
amazon,test,720,exact,4.0,True,0.0,0.0
amazon,test,720,exact_annular,0.125,False,,
amazon,test,720,exact_annular,0.25,False,,
amazon,test,720,exact_annular,0.5,False,,
amazon,test,720,exact_annular,1.0,False,,
amazon,test,720,exact_annular,2.0,False,,
amazon,test,720,exact_annular,4.0,True,512.0,0.014976337467173131
amazon,test,720,official_O,0.125,False,,
amazon,test,720,official_O,0.25,False,,
amazon,test,720,official_O,0.5,False,,
amazon,test,720,official_O,1.0,False,,
amazon,test,720,official_O,2.0,False,,
amazon,test,720,official_O,4.0,True,128.0,0.05821163314034008
amazon,test,720,official_T,0.125,False,,
amazon,test,720,official_T,0.25,False,,
amazon,test,720,official_T,0.5,False,,
amazon,test,720,official_T,1.0,False,,
amazon,test,720,official_T,2.0,True,128.0,0.07270177106936214
amazon,test,720,official_T,4.0,True,512.0,0.018480008485943354
amazon,test,720,projected_current,0.125,False,,
amazon,test,720,projected_current,0.25,False,,
amazon,test,720,projected_current,0.5,False,,
amazon,test,720,projected_current,1.0,True,32.0,0.1723340023596204
amazon,test,720,projected_current,2.0,True,128.0,0.06763445121386814
amazon,test,720,projected_current,4.0,True,256.0,0.03494131004400398
amazon,test,720,projected_fast,0.125,False,,
amazon,test,720,projected_fast,0.25,False,,
amazon,test,720,projected_fast,0.5,False,,
amazon,test,720,projected_fast,1.0,True,32.0,0.17400117280519878
amazon,test,720,projected_fast,2.0,True,128.0,0.06791241427766537
amazon,test,720,projected_fast,4.0,True,256.0,0.035672931400656915
amazon,test,720,uniform_mc,0.125,False,,
amazon,test,720,uniform_mc,0.25,False,,
amazon,test,720,uniform_mc,0.5,True,32.0,0.2539216220381336
amazon,test,720,uniform_mc,1.0,True,64.0,0.20754059612339493
amazon,test,720,uniform_mc,2.0,True,128.0,0.14773525773376023
amazon,test,720,uniform_mc,4.0,True,256.0,0.10827364730387959
cifar10,audit,1800,ann_E_multi,0.125,False,,
cifar10,audit,1800,ann_E_multi,0.25,False,,
cifar10,audit,1800,ann_E_multi,0.5,False,,
cifar10,audit,1800,ann_E_multi,1.0,False,,
cifar10,audit,1800,ann_E_multi,2.0,True,64.0,0.1460899620855586
cifar10,audit,1800,ann_E_multi,4.0,True,512.0,0.00827529906108294
cifar10,audit,1800,ann_E_single,0.125,False,,
cifar10,audit,1800,ann_E_single,0.25,False,,
cifar10,audit,1800,ann_E_single,0.5,False,,
cifar10,audit,1800,ann_E_single,1.0,False,,
cifar10,audit,1800,ann_E_single,2.0,True,128.0,0.10365734562538234
cifar10,audit,1800,ann_E_single,4.0,True,512.0,0.012144455329098162
cifar10,audit,1800,ann_T_multi,0.125,False,,
cifar10,audit,1800,ann_T_multi,0.25,False,,
cifar10,audit,1800,ann_T_multi,0.5,False,,
cifar10,audit,1800,ann_T_multi,1.0,True,128.0,0.14755409730535246
cifar10,audit,1800,ann_T_multi,2.0,True,256.0,0.09429415103580396
cifar10,audit,1800,ann_T_multi,4.0,True,512.0,0.06511013886186151
cifar10,audit,1800,ann_T_single,0.125,False,,
cifar10,audit,1800,ann_T_single,0.25,False,,
cifar10,audit,1800,ann_T_single,0.5,True,32.0,0.4028758806692894
cifar10,audit,1800,ann_T_single,1.0,True,128.0,0.19305441156491931
cifar10,audit,1800,ann_T_single,2.0,True,512.0,0.08010556912449544
cifar10,audit,1800,ann_T_single,4.0,True,512.0,0.08010556912449544
cifar10,audit,1800,exact,0.125,False,,
cifar10,audit,1800,exact,0.25,False,,
cifar10,audit,1800,exact,0.5,False,,
cifar10,audit,1800,exact,1.0,False,,
cifar10,audit,1800,exact,2.0,False,,
cifar10,audit,1800,exact,4.0,True,0.0,0.0
cifar10,audit,1800,exact_annular,0.125,False,,
cifar10,audit,1800,exact_annular,0.25,False,,
cifar10,audit,1800,exact_annular,0.5,False,,
cifar10,audit,1800,exact_annular,1.0,False,,
cifar10,audit,1800,exact_annular,2.0,False,,
cifar10,audit,1800,exact_annular,4.0,True,512.0,0.04258576430225057
cifar10,audit,1800,official_E,0.125,False,,
cifar10,audit,1800,official_E,0.25,False,,
cifar10,audit,1800,official_E,0.5,False,,
cifar10,audit,1800,official_E,1.0,False,,
cifar10,audit,1800,official_E,2.0,True,256.0,0.04297444045727876
cifar10,audit,1800,official_E,4.0,True,512.0,0.012783298132933647
cifar10,audit,1800,official_O,0.125,False,,
cifar10,audit,1800,official_O,0.25,False,,
cifar10,audit,1800,official_O,0.5,True,64.0,0.23750444287068512
cifar10,audit,1800,official_O,1.0,True,512.0,0.046701371805981606
cifar10,audit,1800,official_O,2.0,True,512.0,0.046701371805981606
cifar10,audit,1800,official_O,4.0,True,512.0,0.046701371805981606
cifar10,audit,1800,official_T,0.125,False,,
cifar10,audit,1800,official_T,0.25,True,64.0,0.2951718630466838
cifar10,audit,1800,official_T,0.5,True,256.0,0.11430691439031214
cifar10,audit,1800,official_T,1.0,True,512.0,0.07961351341814599
cifar10,audit,1800,official_T,2.0,True,512.0,0.07961351341814599
cifar10,audit,1800,official_T,4.0,True,512.0,0.07961351341814599
cifar10,audit,1800,projected_current,0.125,False,,
cifar10,audit,1800,projected_current,0.25,False,,
cifar10,audit,1800,projected_current,0.5,True,32.0,0.3029170753414137
cifar10,audit,1800,projected_current,1.0,True,128.0,0.1159845074998871
cifar10,audit,1800,projected_current,2.0,True,512.0,0.026022230179695485
cifar10,audit,1800,projected_current,4.0,True,512.0,0.026022230179695485
cifar10,audit,1800,projected_fast,0.125,False,,
cifar10,audit,1800,projected_fast,0.25,False,,
cifar10,audit,1800,projected_fast,0.5,True,32.0,0.3125336723773644
cifar10,audit,1800,projected_fast,1.0,True,128.0,0.11337852240394625
cifar10,audit,1800,projected_fast,2.0,True,512.0,0.027108668724909434
cifar10,audit,1800,projected_fast,4.0,True,512.0,0.027108668724909434
cifar10,audit,1800,uniform_mc,0.125,False,,
cifar10,audit,1800,uniform_mc,0.25,True,32.0,0.42371922038867643
cifar10,audit,1800,uniform_mc,0.5,True,128.0,0.22211339265072141
cifar10,audit,1800,uniform_mc,1.0,True,256.0,0.1541218866706436
cifar10,audit,1800,uniform_mc,2.0,True,512.0,0.09803076089927817
cifar10,audit,1800,uniform_mc,4.0,True,512.0,0.09803076089927817
cifar10,test,1800,ann_E_multi,0.125,False,,
cifar10,test,1800,ann_E_multi,0.25,False,,
cifar10,test,1800,ann_E_multi,0.5,False,,
cifar10,test,1800,ann_E_multi,1.0,False,,
cifar10,test,1800,ann_E_multi,2.0,True,64.0,0.13909900670091832
cifar10,test,1800,ann_E_multi,4.0,True,512.0,0.008915968735236908
cifar10,test,1800,ann_E_single,0.125,False,,
cifar10,test,1800,ann_E_single,0.25,False,,
cifar10,test,1800,ann_E_single,0.5,False,,
cifar10,test,1800,ann_E_single,1.0,False,,
cifar10,test,1800,ann_E_single,2.0,True,128.0,0.10007787275257556
cifar10,test,1800,ann_E_single,4.0,True,512.0,0.012733092537355656
cifar10,test,1800,ann_T_multi,0.125,False,,
cifar10,test,1800,ann_T_multi,0.25,False,,
cifar10,test,1800,ann_T_multi,0.5,False,,
cifar10,test,1800,ann_T_multi,1.0,True,64.0,0.20634909245468136
cifar10,test,1800,ann_T_multi,2.0,True,256.0,0.10209654552536733
cifar10,test,1800,ann_T_multi,4.0,True,512.0,0.06103548894248359
cifar10,test,1800,ann_T_single,0.125,False,,
cifar10,test,1800,ann_T_single,0.25,False,,
cifar10,test,1800,ann_T_single,0.5,True,32.0,0.38990161516128696
cifar10,test,1800,ann_T_single,1.0,True,128.0,0.18123217632189625
cifar10,test,1800,ann_T_single,2.0,True,512.0,0.08053602689042616
cifar10,test,1800,ann_T_single,4.0,True,512.0,0.08053602689042616
cifar10,test,1800,exact,0.125,False,,
cifar10,test,1800,exact,0.25,False,,
cifar10,test,1800,exact,0.5,False,,
cifar10,test,1800,exact,1.0,False,,
cifar10,test,1800,exact,2.0,False,,
cifar10,test,1800,exact,4.0,True,0.0,0.0
cifar10,test,1800,exact_annular,0.125,False,,
cifar10,test,1800,exact_annular,0.25,False,,
cifar10,test,1800,exact_annular,0.5,False,,
cifar10,test,1800,exact_annular,1.0,False,,
cifar10,test,1800,exact_annular,2.0,False,,
cifar10,test,1800,exact_annular,4.0,True,512.0,0.04404600097422495
cifar10,test,1800,official_E,0.125,False,,
cifar10,test,1800,official_E,0.25,False,,
cifar10,test,1800,official_E,0.5,False,,
cifar10,test,1800,official_E,1.0,False,,
cifar10,test,1800,official_E,2.0,True,256.0,0.04343674848422329
cifar10,test,1800,official_E,4.0,True,512.0,0.012996411642284846
cifar10,test,1800,official_O,0.125,False,,
cifar10,test,1800,official_O,0.25,False,,
cifar10,test,1800,official_O,0.5,True,32.0,0.37799271360760417
cifar10,test,1800,official_O,1.0,True,512.0,0.045100527317388686
cifar10,test,1800,official_O,2.0,True,512.0,0.045100527317388686
cifar10,test,1800,official_O,4.0,True,512.0,0.045100527317388686
cifar10,test,1800,official_T,0.125,False,,
cifar10,test,1800,official_T,0.25,True,64.0,0.2672848100914168
cifar10,test,1800,official_T,0.5,True,256.0,0.11556628129908536
cifar10,test,1800,official_T,1.0,True,512.0,0.07262779771077259
cifar10,test,1800,official_T,2.0,True,512.0,0.07262779771077259
cifar10,test,1800,official_T,4.0,True,512.0,0.07262779771077259
cifar10,test,1800,projected_current,0.125,False,,
cifar10,test,1800,projected_current,0.25,False,,
cifar10,test,1800,projected_current,0.5,True,32.0,0.2952369295637234
cifar10,test,1800,projected_current,1.0,True,128.0,0.11239368781111596
cifar10,test,1800,projected_current,2.0,True,512.0,0.0251756164878303
cifar10,test,1800,projected_current,4.0,True,512.0,0.0251756164878303
cifar10,test,1800,projected_fast,0.125,False,,
cifar10,test,1800,projected_fast,0.25,False,,
cifar10,test,1800,projected_fast,0.5,True,32.0,0.2913691235915201
cifar10,test,1800,projected_fast,1.0,True,128.0,0.10805062143655052
cifar10,test,1800,projected_fast,2.0,True,512.0,0.025870774875900827
cifar10,test,1800,projected_fast,4.0,True,512.0,0.025870774875900827
cifar10,test,1800,uniform_mc,0.125,False,,
cifar10,test,1800,uniform_mc,0.25,True,32.0,0.4215629192383016
cifar10,test,1800,uniform_mc,0.5,True,128.0,0.21989822126496336
cifar10,test,1800,uniform_mc,1.0,True,256.0,0.1528984581660567
cifar10,test,1800,uniform_mc,2.0,True,512.0,0.09964092633356365
cifar10,test,1800,uniform_mc,4.0,True,512.0,0.09964092633356365
cifar10_gist512,audit,1800,ann_E_multi,0.125,False,,
cifar10_gist512,audit,1800,ann_E_multi,0.25,False,,
cifar10_gist512,audit,1800,ann_E_multi,0.5,False,,
cifar10_gist512,audit,1800,ann_E_multi,1.0,True,512.0,0.017547051481490605
cifar10_gist512,audit,1800,ann_E_multi,2.0,True,512.0,0.017547051481490605
cifar10_gist512,audit,1800,ann_E_multi,4.0,True,512.0,0.017547051481490605
cifar10_gist512,audit,1800,ann_E_single,0.125,False,,
cifar10_gist512,audit,1800,ann_E_single,0.25,False,,
cifar10_gist512,audit,1800,ann_E_single,0.5,True,128.0,0.09877479006369998
cifar10_gist512,audit,1800,ann_E_single,1.0,True,512.0,0.023011892816058886
cifar10_gist512,audit,1800,ann_E_single,2.0,True,512.0,0.023011892816058886
cifar10_gist512,audit,1800,ann_E_single,4.0,True,512.0,0.023011892816058886
cifar10_gist512,audit,1800,ann_T_multi,0.125,False,,
cifar10_gist512,audit,1800,ann_T_multi,0.25,False,,
cifar10_gist512,audit,1800,ann_T_multi,0.5,True,32.0,0.24508248897228718
cifar10_gist512,audit,1800,ann_T_multi,1.0,True,512.0,0.050521437890332574
cifar10_gist512,audit,1800,ann_T_multi,2.0,True,512.0,0.050521437890332574
cifar10_gist512,audit,1800,ann_T_multi,4.0,True,512.0,0.050521437890332574
cifar10_gist512,audit,1800,ann_T_single,0.125,False,,
cifar10_gist512,audit,1800,ann_T_single,0.25,True,32.0,0.3307468702902213
cifar10_gist512,audit,1800,ann_T_single,0.5,True,256.0,0.10103384168944843
cifar10_gist512,audit,1800,ann_T_single,1.0,True,512.0,0.06119379602482175
cifar10_gist512,audit,1800,ann_T_single,2.0,True,512.0,0.06119379602482175
cifar10_gist512,audit,1800,ann_T_single,4.0,True,512.0,0.06119379602482175
cifar10_gist512,audit,1800,exact,0.125,False,,
cifar10_gist512,audit,1800,exact,0.25,False,,
cifar10_gist512,audit,1800,exact,0.5,True,0.0,0.0
cifar10_gist512,audit,1800,exact,1.0,True,0.0,0.0
cifar10_gist512,audit,1800,exact,2.0,True,0.0,0.0
cifar10_gist512,audit,1800,exact,4.0,True,0.0,0.0
cifar10_gist512,audit,1800,exact_annular,0.125,False,,
cifar10_gist512,audit,1800,exact_annular,0.25,False,,
cifar10_gist512,audit,1800,exact_annular,0.5,False,,
cifar10_gist512,audit,1800,exact_annular,1.0,True,512.0,0.03656038837087865
cifar10_gist512,audit,1800,exact_annular,2.0,True,512.0,0.03656038837087865
cifar10_gist512,audit,1800,exact_annular,4.0,True,512.0,0.03656038837087865
cifar10_gist512,audit,1800,official_E,0.125,False,,
cifar10_gist512,audit,1800,official_E,0.25,True,64.0,0.1762325392524463
cifar10_gist512,audit,1800,official_E,0.5,True,512.0,0.022137737863319743
cifar10_gist512,audit,1800,official_E,1.0,True,512.0,0.022137737863319743
cifar10_gist512,audit,1800,official_E,2.0,True,512.0,0.022137737863319743
cifar10_gist512,audit,1800,official_E,4.0,True,512.0,0.022137737863319743
cifar10_gist512,audit,1800,official_O,0.125,True,64.0,0.1978062620078486
cifar10_gist512,audit,1800,official_O,0.25,True,512.0,0.04470645383210263
cifar10_gist512,audit,1800,official_O,0.5,True,512.0,0.04470645383210263
cifar10_gist512,audit,1800,official_O,1.0,True,512.0,0.04470645383210263
cifar10_gist512,audit,1800,official_O,2.0,True,512.0,0.04470645383210263
cifar10_gist512,audit,1800,official_O,4.0,True,512.0,0.04470645383210263
cifar10_gist512,audit,1800,official_T,0.125,True,256.0,0.100893452512572
cifar10_gist512,audit,1800,official_T,0.25,True,512.0,0.0607942781190939
cifar10_gist512,audit,1800,official_T,0.5,True,512.0,0.0607942781190939
cifar10_gist512,audit,1800,official_T,1.0,True,512.0,0.0607942781190939
cifar10_gist512,audit,1800,official_T,2.0,True,512.0,0.0607942781190939
cifar10_gist512,audit,1800,official_T,4.0,True,512.0,0.0607942781190939
cifar10_gist512,audit,1800,projected_current,0.125,False,,
cifar10_gist512,audit,1800,projected_current,0.25,False,,
cifar10_gist512,audit,1800,projected_current,0.5,True,256.0,0.06460211183549813
cifar10_gist512,audit,1800,projected_current,1.0,True,512.0,0.032407605989097844
cifar10_gist512,audit,1800,projected_current,2.0,True,512.0,0.032407605989097844
cifar10_gist512,audit,1800,projected_current,4.0,True,512.0,0.032407605989097844
cifar10_gist512,audit,1800,projected_fast,0.125,False,,
cifar10_gist512,audit,1800,projected_fast,0.25,False,,
cifar10_gist512,audit,1800,projected_fast,0.5,True,256.0,0.06173151503508642
cifar10_gist512,audit,1800,projected_fast,1.0,True,512.0,0.03341496669763708
cifar10_gist512,audit,1800,projected_fast,2.0,True,512.0,0.03341496669763708
cifar10_gist512,audit,1800,projected_fast,4.0,True,512.0,0.03341496669763708
cifar10_gist512,audit,1800,uniform_mc,0.125,True,32.0,0.33744961544052643
cifar10_gist512,audit,1800,uniform_mc,0.25,True,256.0,0.11966906691785974
cifar10_gist512,audit,1800,uniform_mc,0.5,True,512.0,0.07706717627031394
cifar10_gist512,audit,1800,uniform_mc,1.0,True,512.0,0.07706717627031394
cifar10_gist512,audit,1800,uniform_mc,2.0,True,512.0,0.07706717627031394
cifar10_gist512,audit,1800,uniform_mc,4.0,True,512.0,0.07706717627031394
cifar10_gist512,audit,20000,exact,0.125,False,,
cifar10_gist512,audit,20000,exact,0.25,False,,
cifar10_gist512,audit,20000,exact,0.5,False,,
cifar10_gist512,audit,20000,exact,1.0,False,,
cifar10_gist512,audit,20000,exact,2.0,False,,
cifar10_gist512,audit,20000,exact,4.0,False,,
cifar10_gist512,audit,20000,exact_annular,0.125,False,,
cifar10_gist512,audit,20000,exact_annular,0.25,False,,
cifar10_gist512,audit,20000,exact_annular,0.5,False,,
cifar10_gist512,audit,20000,exact_annular,1.0,False,,
cifar10_gist512,audit,20000,exact_annular,2.0,False,,
cifar10_gist512,audit,20000,exact_annular,4.0,False,,
cifar10_gist512,audit,20000,official_E,0.125,False,,
cifar10_gist512,audit,20000,official_E,0.25,False,,
cifar10_gist512,audit,20000,official_E,0.5,False,,
cifar10_gist512,audit,20000,official_E,1.0,False,,
cifar10_gist512,audit,20000,official_E,2.0,False,,
cifar10_gist512,audit,20000,official_E,4.0,True,256.0,0.11517814683236981
cifar10_gist512,audit,20000,official_O,0.125,False,,
cifar10_gist512,audit,20000,official_O,0.25,False,,
cifar10_gist512,audit,20000,official_O,0.5,False,,
cifar10_gist512,audit,20000,official_O,1.0,True,256.0,0.12798670602043186
cifar10_gist512,audit,20000,official_O,2.0,True,256.0,0.12798670602043186
cifar10_gist512,audit,20000,official_O,4.0,True,256.0,0.12798670602043186
cifar10_gist512,audit,20000,official_T,0.125,False,,
cifar10_gist512,audit,20000,official_T,0.25,False,,
cifar10_gist512,audit,20000,official_T,0.5,True,256.0,0.12074396264239906
cifar10_gist512,audit,20000,official_T,1.0,True,256.0,0.12074396264239906
cifar10_gist512,audit,20000,official_T,2.0,True,256.0,0.12074396264239906
cifar10_gist512,audit,20000,official_T,4.0,True,256.0,0.12074396264239906
cifar10_gist512,audit,20000,projected_current,0.125,False,,
cifar10_gist512,audit,20000,projected_current,0.25,False,,
cifar10_gist512,audit,20000,projected_current,0.5,False,,
cifar10_gist512,audit,20000,projected_current,1.0,False,,
cifar10_gist512,audit,20000,projected_current,2.0,True,256.0,0.10252875378837648
cifar10_gist512,audit,20000,projected_current,4.0,True,256.0,0.10252875378837648
cifar10_gist512,audit,20000,projected_fast,0.125,False,,
cifar10_gist512,audit,20000,projected_fast,0.25,False,,
cifar10_gist512,audit,20000,projected_fast,0.5,False,,
cifar10_gist512,audit,20000,projected_fast,1.0,True,64.0,0.2230269836054013
cifar10_gist512,audit,20000,projected_fast,2.0,True,256.0,0.09944320627577645
cifar10_gist512,audit,20000,projected_fast,4.0,True,256.0,0.09944320627577645
cifar10_gist512,audit,20000,uniform_mc,0.125,False,,
cifar10_gist512,audit,20000,uniform_mc,0.25,True,128.0,0.19090797428577974
cifar10_gist512,audit,20000,uniform_mc,0.5,True,128.0,0.19090797428577974
cifar10_gist512,audit,20000,uniform_mc,1.0,True,128.0,0.19090797428577974
cifar10_gist512,audit,20000,uniform_mc,2.0,True,128.0,0.19090797428577974
cifar10_gist512,audit,20000,uniform_mc,4.0,True,128.0,0.19090797428577974
cifar10_gist512,test,1800,ann_E_multi,0.125,False,,
cifar10_gist512,test,1800,ann_E_multi,0.25,False,,
cifar10_gist512,test,1800,ann_E_multi,0.5,False,,
cifar10_gist512,test,1800,ann_E_multi,1.0,True,512.0,0.017021433424830888
cifar10_gist512,test,1800,ann_E_multi,2.0,True,512.0,0.017021433424830888
cifar10_gist512,test,1800,ann_E_multi,4.0,True,512.0,0.017021433424830888
cifar10_gist512,test,1800,ann_E_single,0.125,False,,
cifar10_gist512,test,1800,ann_E_single,0.25,False,,
cifar10_gist512,test,1800,ann_E_single,0.5,True,128.0,0.10072805247737154
cifar10_gist512,test,1800,ann_E_single,1.0,True,512.0,0.02331503458137778
cifar10_gist512,test,1800,ann_E_single,2.0,True,512.0,0.02331503458137778
cifar10_gist512,test,1800,ann_E_single,4.0,True,512.0,0.02331503458137778
cifar10_gist512,test,1800,ann_T_multi,0.125,False,,
cifar10_gist512,test,1800,ann_T_multi,0.25,False,,
cifar10_gist512,test,1800,ann_T_multi,0.5,True,64.0,0.16735014966068576
cifar10_gist512,test,1800,ann_T_multi,1.0,True,512.0,0.05090643992574125
cifar10_gist512,test,1800,ann_T_multi,2.0,True,512.0,0.05090643992574125
cifar10_gist512,test,1800,ann_T_multi,4.0,True,512.0,0.05090643992574125
cifar10_gist512,test,1800,ann_T_single,0.125,False,,
cifar10_gist512,test,1800,ann_T_single,0.25,True,32.0,0.2954481084881798
cifar10_gist512,test,1800,ann_T_single,0.5,True,256.0,0.0947922468176894
cifar10_gist512,test,1800,ann_T_single,1.0,True,512.0,0.05894959012948911
cifar10_gist512,test,1800,ann_T_single,2.0,True,512.0,0.05894959012948911
cifar10_gist512,test,1800,ann_T_single,4.0,True,512.0,0.05894959012948911
cifar10_gist512,test,1800,exact,0.125,False,,
cifar10_gist512,test,1800,exact,0.25,False,,
cifar10_gist512,test,1800,exact,0.5,True,0.0,0.0
cifar10_gist512,test,1800,exact,1.0,True,0.0,0.0
cifar10_gist512,test,1800,exact,2.0,True,0.0,0.0
cifar10_gist512,test,1800,exact,4.0,True,0.0,0.0
cifar10_gist512,test,1800,exact_annular,0.125,False,,
cifar10_gist512,test,1800,exact_annular,0.25,False,,
cifar10_gist512,test,1800,exact_annular,0.5,False,,
cifar10_gist512,test,1800,exact_annular,1.0,True,512.0,0.03305077879838998
cifar10_gist512,test,1800,exact_annular,2.0,True,512.0,0.03305077879838998
cifar10_gist512,test,1800,exact_annular,4.0,True,512.0,0.03305077879838998
cifar10_gist512,test,1800,official_E,0.125,False,,
cifar10_gist512,test,1800,official_E,0.25,True,64.0,0.17321060866443477
cifar10_gist512,test,1800,official_E,0.5,True,512.0,0.02243317891195563
cifar10_gist512,test,1800,official_E,1.0,True,512.0,0.02243317891195563
cifar10_gist512,test,1800,official_E,2.0,True,512.0,0.02243317891195563
cifar10_gist512,test,1800,official_E,4.0,True,512.0,0.02243317891195563
cifar10_gist512,test,1800,official_O,0.125,True,64.0,0.18691702717504743
cifar10_gist512,test,1800,official_O,0.25,True,512.0,0.040352456277959414
cifar10_gist512,test,1800,official_O,0.5,True,512.0,0.040352456277959414
cifar10_gist512,test,1800,official_O,1.0,True,512.0,0.040352456277959414
cifar10_gist512,test,1800,official_O,2.0,True,512.0,0.040352456277959414
cifar10_gist512,test,1800,official_O,4.0,True,512.0,0.040352456277959414
cifar10_gist512,test,1800,official_T,0.125,True,128.0,0.14284449781416114
cifar10_gist512,test,1800,official_T,0.25,True,512.0,0.05949073592247509
cifar10_gist512,test,1800,official_T,0.5,True,512.0,0.05949073592247509
cifar10_gist512,test,1800,official_T,1.0,True,512.0,0.05949073592247509
cifar10_gist512,test,1800,official_T,2.0,True,512.0,0.05949073592247509
cifar10_gist512,test,1800,official_T,4.0,True,512.0,0.05949073592247509
cifar10_gist512,test,1800,projected_current,0.125,False,,
cifar10_gist512,test,1800,projected_current,0.25,False,,
cifar10_gist512,test,1800,projected_current,0.5,True,256.0,0.06324759441452804
cifar10_gist512,test,1800,projected_current,1.0,True,512.0,0.032704440714113305
cifar10_gist512,test,1800,projected_current,2.0,True,512.0,0.032704440714113305
cifar10_gist512,test,1800,projected_current,4.0,True,512.0,0.032704440714113305
cifar10_gist512,test,1800,projected_fast,0.125,False,,
cifar10_gist512,test,1800,projected_fast,0.25,False,,
cifar10_gist512,test,1800,projected_fast,0.5,True,256.0,0.06464755794310514
cifar10_gist512,test,1800,projected_fast,1.0,True,512.0,0.031013627653907205
cifar10_gist512,test,1800,projected_fast,2.0,True,512.0,0.031013627653907205
cifar10_gist512,test,1800,projected_fast,4.0,True,512.0,0.031013627653907205
cifar10_gist512,test,1800,uniform_mc,0.125,True,64.0,0.23920853944676865
cifar10_gist512,test,1800,uniform_mc,0.25,True,256.0,0.1157266829742556
cifar10_gist512,test,1800,uniform_mc,0.5,True,512.0,0.07831226983475985
cifar10_gist512,test,1800,uniform_mc,1.0,True,512.0,0.07831226983475985
cifar10_gist512,test,1800,uniform_mc,2.0,True,512.0,0.07831226983475985
cifar10_gist512,test,1800,uniform_mc,4.0,True,512.0,0.07831226983475985
isolet,audit,1800,ann_E_multi,0.125,False,,
isolet,audit,1800,ann_E_multi,0.25,False,,
isolet,audit,1800,ann_E_multi,0.5,False,,
isolet,audit,1800,ann_E_multi,1.0,True,512.0,0.010653996815225986
isolet,audit,1800,ann_E_multi,2.0,True,512.0,0.010653996815225986
isolet,audit,1800,ann_E_multi,4.0,True,512.0,0.010653996815225986
isolet,audit,1800,ann_E_single,0.125,False,,
isolet,audit,1800,ann_E_single,0.25,False,,
isolet,audit,1800,ann_E_single,0.5,True,256.0,0.03526577478839019
isolet,audit,1800,ann_E_single,1.0,True,512.0,0.01362485341440827
isolet,audit,1800,ann_E_single,2.0,True,512.0,0.01362485341440827
isolet,audit,1800,ann_E_single,4.0,True,512.0,0.01362485341440827
isolet,audit,1800,ann_T_multi,0.125,False,,
isolet,audit,1800,ann_T_multi,0.25,False,,
isolet,audit,1800,ann_T_multi,0.5,False,,
isolet,audit,1800,ann_T_multi,1.0,True,512.0,0.03107500902516848
isolet,audit,1800,ann_T_multi,2.0,True,512.0,0.03107500902516848
isolet,audit,1800,ann_T_multi,4.0,True,512.0,0.03107500902516848
isolet,audit,1800,ann_T_single,0.125,False,,
isolet,audit,1800,ann_T_single,0.25,False,,
isolet,audit,1800,ann_T_single,0.5,True,256.0,0.07331922648586081
isolet,audit,1800,ann_T_single,1.0,True,512.0,0.0378174028554476
isolet,audit,1800,ann_T_single,2.0,True,512.0,0.0378174028554476
isolet,audit,1800,ann_T_single,4.0,True,512.0,0.0378174028554476
isolet,audit,1800,exact,0.125,False,,
isolet,audit,1800,exact,0.25,False,,
isolet,audit,1800,exact,0.5,True,0.0,0.0
isolet,audit,1800,exact,1.0,True,0.0,0.0
isolet,audit,1800,exact,2.0,True,0.0,0.0
isolet,audit,1800,exact,4.0,True,0.0,0.0
isolet,audit,1800,exact_annular,0.125,False,,
isolet,audit,1800,exact_annular,0.25,False,,
isolet,audit,1800,exact_annular,0.5,False,,
isolet,audit,1800,exact_annular,1.0,True,512.0,0.04998018964052015
isolet,audit,1800,exact_annular,2.0,True,512.0,0.04998018964052015
isolet,audit,1800,exact_annular,4.0,True,512.0,0.04998018964052015
isolet,audit,1800,official_E,0.125,False,,
isolet,audit,1800,official_E,0.25,True,128.0,0.08612986456100856
isolet,audit,1800,official_E,0.5,True,512.0,0.01300330900830148
isolet,audit,1800,official_E,1.0,True,512.0,0.01300330900830148
isolet,audit,1800,official_E,2.0,True,512.0,0.01300330900830148
isolet,audit,1800,official_E,4.0,True,512.0,0.01300330900830148
isolet,audit,1800,official_O,0.125,False,,
isolet,audit,1800,official_O,0.25,True,256.0,0.04569174140722135
isolet,audit,1800,official_O,0.5,True,512.0,0.026075039880768588
isolet,audit,1800,official_O,1.0,True,512.0,0.026075039880768588
isolet,audit,1800,official_O,2.0,True,512.0,0.026075039880768588
isolet,audit,1800,official_O,4.0,True,512.0,0.026075039880768588
isolet,audit,1800,official_T,0.125,True,128.0,0.14635067096783916
isolet,audit,1800,official_T,0.25,True,512.0,0.03815686982309425
isolet,audit,1800,official_T,0.5,True,512.0,0.03815686982309425
isolet,audit,1800,official_T,1.0,True,512.0,0.03815686982309425
isolet,audit,1800,official_T,2.0,True,512.0,0.03815686982309425
isolet,audit,1800,official_T,4.0,True,512.0,0.03815686982309425
isolet,audit,1800,projected_current,0.125,False,,
isolet,audit,1800,projected_current,0.25,False,,
isolet,audit,1800,projected_current,0.5,True,128.0,0.11658841895223332
isolet,audit,1800,projected_current,1.0,True,512.0,0.024443242458163216
isolet,audit,1800,projected_current,2.0,True,512.0,0.024443242458163216
isolet,audit,1800,projected_current,4.0,True,512.0,0.024443242458163216
isolet,audit,1800,projected_fast,0.125,False,,
isolet,audit,1800,projected_fast,0.25,False,,
isolet,audit,1800,projected_fast,0.5,True,128.0,0.11209858327971926
isolet,audit,1800,projected_fast,1.0,True,512.0,0.023037362466161206
isolet,audit,1800,projected_fast,2.0,True,512.0,0.023037362466161206
isolet,audit,1800,projected_fast,4.0,True,512.0,0.023037362466161206
isolet,audit,1800,uniform_mc,0.125,True,32.0,0.6254050340136186
isolet,audit,1800,uniform_mc,0.25,True,128.0,0.30642992525945006
isolet,audit,1800,uniform_mc,0.5,True,512.0,0.1420751519719374
isolet,audit,1800,uniform_mc,1.0,True,512.0,0.1420751519719374
isolet,audit,1800,uniform_mc,2.0,True,512.0,0.1420751519719374
isolet,audit,1800,uniform_mc,4.0,True,512.0,0.1420751519719374
isolet,test,1800,ann_E_multi,0.125,False,,
isolet,test,1800,ann_E_multi,0.25,False,,
isolet,test,1800,ann_E_multi,0.5,False,,
isolet,test,1800,ann_E_multi,1.0,True,512.0,0.011927718237425665
isolet,test,1800,ann_E_multi,2.0,True,512.0,0.011927718237425665
isolet,test,1800,ann_E_multi,4.0,True,512.0,0.011927718237425665
isolet,test,1800,ann_E_single,0.125,False,,
isolet,test,1800,ann_E_single,0.25,False,,
isolet,test,1800,ann_E_single,0.5,True,256.0,0.03591782612500164
isolet,test,1800,ann_E_single,1.0,True,512.0,0.014241843205711318
isolet,test,1800,ann_E_single,2.0,True,512.0,0.014241843205711318
isolet,test,1800,ann_E_single,4.0,True,512.0,0.014241843205711318
isolet,test,1800,ann_T_multi,0.125,False,,
isolet,test,1800,ann_T_multi,0.25,False,,
isolet,test,1800,ann_T_multi,0.5,False,,
isolet,test,1800,ann_T_multi,1.0,True,512.0,0.0287659696120309
isolet,test,1800,ann_T_multi,2.0,True,512.0,0.0287659696120309
isolet,test,1800,ann_T_multi,4.0,True,512.0,0.0287659696120309
isolet,test,1800,ann_T_single,0.125,False,,
isolet,test,1800,ann_T_single,0.25,False,,
isolet,test,1800,ann_T_single,0.5,True,256.0,0.0759053285143855
isolet,test,1800,ann_T_single,1.0,True,512.0,0.037564099608032316
isolet,test,1800,ann_T_single,2.0,True,512.0,0.037564099608032316
isolet,test,1800,ann_T_single,4.0,True,512.0,0.037564099608032316
isolet,test,1800,exact,0.125,False,,
isolet,test,1800,exact,0.25,False,,
isolet,test,1800,exact,0.5,True,0.0,0.0
isolet,test,1800,exact,1.0,True,0.0,0.0
isolet,test,1800,exact,2.0,True,0.0,0.0
isolet,test,1800,exact,4.0,True,0.0,0.0
isolet,test,1800,exact_annular,0.125,False,,
isolet,test,1800,exact_annular,0.25,False,,
isolet,test,1800,exact_annular,0.5,False,,
isolet,test,1800,exact_annular,1.0,True,512.0,0.05213405201189332
isolet,test,1800,exact_annular,2.0,True,512.0,0.05213405201189332
isolet,test,1800,exact_annular,4.0,True,512.0,0.05213405201189332
isolet,test,1800,official_E,0.125,False,,
isolet,test,1800,official_E,0.25,True,256.0,0.03545685607029135
isolet,test,1800,official_E,0.5,True,512.0,0.014977258075988183
isolet,test,1800,official_E,1.0,True,512.0,0.014977258075988183
isolet,test,1800,official_E,2.0,True,512.0,0.014977258075988183
isolet,test,1800,official_E,4.0,True,512.0,0.014977258075988183
isolet,test,1800,official_O,0.125,False,,
isolet,test,1800,official_O,0.25,True,256.0,0.046385753143456325
isolet,test,1800,official_O,0.5,True,512.0,0.02620149530503511
isolet,test,1800,official_O,1.0,True,512.0,0.02620149530503511
isolet,test,1800,official_O,2.0,True,512.0,0.02620149530503511
isolet,test,1800,official_O,4.0,True,512.0,0.02620149530503511
isolet,test,1800,official_T,0.125,True,128.0,0.1446986788276576
isolet,test,1800,official_T,0.25,True,512.0,0.03612958771251911
isolet,test,1800,official_T,0.5,True,512.0,0.03612958771251911
isolet,test,1800,official_T,1.0,True,512.0,0.03612958771251911
isolet,test,1800,official_T,2.0,True,512.0,0.03612958771251911
isolet,test,1800,official_T,4.0,True,512.0,0.03612958771251911
isolet,test,1800,projected_current,0.125,False,,
isolet,test,1800,projected_current,0.25,False,,
isolet,test,1800,projected_current,0.5,True,128.0,0.11002685105252322
isolet,test,1800,projected_current,1.0,True,512.0,0.022004976421734757
isolet,test,1800,projected_current,2.0,True,512.0,0.022004976421734757
isolet,test,1800,projected_current,4.0,True,512.0,0.022004976421734757
isolet,test,1800,projected_fast,0.125,False,,
isolet,test,1800,projected_fast,0.25,False,,
isolet,test,1800,projected_fast,0.5,True,128.0,0.10964295617365295
isolet,test,1800,projected_fast,1.0,True,512.0,0.02247410318599653
isolet,test,1800,projected_fast,2.0,True,512.0,0.02247410318599653
isolet,test,1800,projected_fast,4.0,True,512.0,0.02247410318599653
isolet,test,1800,uniform_mc,0.125,True,32.0,0.565507943679159
isolet,test,1800,uniform_mc,0.25,True,256.0,0.22681868305275368
isolet,test,1800,uniform_mc,0.5,True,512.0,0.13929387887583164
isolet,test,1800,uniform_mc,1.0,True,512.0,0.13929387887583164
isolet,test,1800,uniform_mc,2.0,True,512.0,0.13929387887583164
isolet,test,1800,uniform_mc,4.0,True,512.0,0.13929387887583164
