dataset,phase,n,method,budget,error,latency_ms,dominated_by_any,dominated_by_existing,any_dominator_method,any_dominator_budget,existing_dominator_method,existing_dominator_budget
amazon,test,720,ann_O_multi,32,0.158264650262007,2.6611155,True,True,projected_current,64.0,projected_current,64.0
amazon,test,720,ann_O_multi,64,0.0843776888088788,3.1022385,True,True,official_T,128.0,official_T,128.0
amazon,test,720,ann_O_multi,128,0.0419995345801123,3.974404,True,True,exact_annular,512.0,exact_annular,512.0
amazon,test,720,ann_O_multi,256,0.0161388112667604,5.7429005,True,True,exact_annular,512.0,exact_annular,512.0
amazon,test,720,ann_O_multi,512,0.0040586933941367,9.415363,True,True,exact,0.0,exact,0.0
amazon,test,720,ann_O_single,32,0.2053712465792732,2.2850675,True,True,projected_current,32.0,projected_current,32.0
amazon,test,720,ann_O_single,64,0.1172068992815457,2.736783,True,True,projected_current,64.0,projected_current,64.0
amazon,test,720,ann_O_single,128,0.0539940864935038,3.6252645,True,True,official_T,256.0,official_T,256.0
amazon,test,720,ann_O_single,256,0.0200602558008025,5.3513715,True,True,exact_annular,512.0,exact_annular,512.0
amazon,test,720,ann_O_single,512,0.0047504307944154,8.979181,True,True,exact,0.0,exact,0.0
amazon,test,720,ann_T_multi,32,0.1546570255260795,1.867165,True,True,projected_current,64.0,projected_current,64.0
amazon,test,720,ann_T_multi,64,0.1190053211379799,2.219929,True,True,projected_current,64.0,projected_current,64.0
amazon,test,720,ann_T_multi,128,0.0663427046339076,3.0777715,True,True,official_T,256.0,official_T,256.0
amazon,test,720,ann_T_multi,256,0.0406807024974073,4.8171665,True,True,exact_annular,512.0,exact_annular,512.0
amazon,test,720,ann_T_multi,512,0.017239825972953,20.188466,True,True,exact_annular,512.0,exact_annular,512.0
amazon,test,720,ann_T_single,32,0.1991050689038819,1.486461,True,True,projected_current,32.0,projected_current,32.0
amazon,test,720,ann_T_single,64,0.1468630032347134,1.8752355,True,True,projected_current,64.0,projected_current,64.0
amazon,test,720,ann_T_single,128,0.0815787985930527,2.692263,True,True,official_T,128.0,official_T,128.0
amazon,test,720,ann_T_single,256,0.0486366424991338,4.4380935,True,True,official_T,256.0,official_T,256.0
amazon,test,720,ann_T_single,512,0.0195483459847655,19.710333,True,True,exact_annular,512.0,exact_annular,512.0
amazon,test,720,exact_annular,32,0.1059676961972881,3.454329,True,True,official_T,128.0,official_T,128.0
amazon,test,720,exact_annular,64,0.0733585694668795,3.581818,True,True,official_T,128.0,official_T,128.0
amazon,test,720,exact_annular,128,0.050290650748593,3.4741015,True,True,official_T,256.0,official_T,256.0
amazon,test,720,exact_annular,256,0.0304713290499865,3.37007,True,True,exact_annular,512.0,exact_annular,512.0
amazon,test,720,exact_annular,512,0.0149763374671731,3.223187,False,False,,,,
amazon,test,720,official_O,32,0.1981310842274236,2.1436445,True,True,projected_current,32.0,projected_current,32.0
amazon,test,720,official_O,64,0.1171208676417338,2.4861265,True,True,projected_current,64.0,projected_current,64.0
amazon,test,720,official_O,128,0.05821163314034,3.140332,True,True,official_T,256.0,official_T,256.0
amazon,test,720,official_O,256,0.0203905692742681,4.5002085,True,True,exact_annular,512.0,exact_annular,512.0
amazon,test,720,official_O,512,0.0047090052990762,8.418282,True,True,exact,0.0,exact,0.0
amazon,test,720,official_T,32,0.1917938505455416,1.2288225,True,True,projected_current,32.0,projected_current,32.0
amazon,test,720,official_T,64,0.1275354253921435,1.374136,True,True,projected_current,64.0,projected_current,64.0
amazon,test,720,official_T,128,0.0727017710693621,1.640829,False,False,,,,
amazon,test,720,official_T,256,0.0430281933450163,2.171635,False,False,,,,
amazon,test,720,official_T,512,0.0184800084859433,3.5325185,True,True,exact_annular,512.0,exact_annular,512.0
amazon,test,720,projected_current,32,0.1723340023596204,0.749902,False,False,,,,
amazon,test,720,projected_current,64,0.1135881801539139,1.087627,False,False,,,,
amazon,test,720,projected_current,128,0.0676344512138681,1.80976,False,False,,,,
amazon,test,720,projected_current,256,0.0349413100440039,3.422781,True,True,exact_annular,512.0,exact_annular,512.0
amazon,test,720,projected_current,512,0.0126031333423477,19.8915455,True,True,exact,0.0,exact,0.0
amazon,test,720,projected_fast,32,0.1740011728051987,0.782635,True,True,projected_current,32.0,projected_current,32.0
amazon,test,720,projected_fast,64,0.1138947744744739,1.12133,True,True,projected_current,64.0,projected_current,64.0
amazon,test,720,projected_fast,128,0.0679124142776653,1.8435355,True,True,projected_current,128.0,projected_current,128.0
amazon,test,720,projected_fast,256,0.0356729314006569,3.4716915,True,True,exact_annular,512.0,exact_annular,512.0
amazon,test,720,projected_fast,512,0.01282611066069,19.8889195,True,True,exact,0.0,exact,0.0
amazon,test,720,uniform_mc,32,0.2539216220381336,0.420678,False,False,,,,
amazon,test,720,uniform_mc,64,0.2075405961233949,0.7689895,True,True,projected_current,32.0,projected_current,32.0
amazon,test,720,uniform_mc,128,0.1477352577337602,1.4878335,True,True,projected_current,64.0,projected_current,64.0
amazon,test,720,uniform_mc,256,0.1082736473038795,3.1317125,True,True,official_T,128.0,official_T,128.0
amazon,test,720,uniform_mc,512,0.0475147407321436,19.4284685,True,True,official_T,256.0,official_T,256.0
amazon,test,720,exact,0,0.0,3.2537735,False,False,,,,
cifar10,audit,1800,ann_E_multi,32,0.2672760404327545,1.881866,True,True,official_T,128.0,official_T,128.0
cifar10,audit,1800,ann_E_multi,64,0.1460899620855586,1.8755705,True,True,official_T,256.0,official_T,256.0
cifar10,audit,1800,ann_E_multi,128,0.0654091058042797,2.1070815,True,True,official_O,512.0,official_O,512.0
cifar10,audit,1800,ann_E_multi,256,0.0277889306105652,2.5821795,True,True,projected_current,512.0,projected_current,512.0
cifar10,audit,1800,ann_E_multi,512,0.0082752990610829,3.475491,True,True,exact,0.0,exact,0.0
cifar10,audit,1800,ann_E_single,32,0.3575487530028883,1.6169105,True,True,official_T,64.0,official_T,64.0
cifar10,audit,1800,ann_E_single,64,0.204883470928732,1.5773945,True,True,official_T,128.0,official_T,128.0
cifar10,audit,1800,ann_E_single,128,0.1036573456253823,1.8272565,True,True,official_T,512.0,official_T,512.0
cifar10,audit,1800,ann_E_single,256,0.0424926052074216,2.297343,True,True,projected_current,512.0,projected_current,512.0
cifar10,audit,1800,ann_E_single,512,0.0121444553290981,3.173721,True,True,exact,0.0,exact,0.0
cifar10,audit,1800,ann_T_multi,32,0.2890594354428563,0.7356785,True,True,official_T,128.0,official_T,128.0
cifar10,audit,1800,ann_T_multi,64,0.2198765297316839,0.8042705,True,True,official_T,128.0,official_T,128.0
cifar10,audit,1800,ann_T_multi,128,0.1475540973053524,0.986575,True,True,official_T,256.0,official_T,256.0
cifar10,audit,1800,ann_T_multi,256,0.0942941510358039,1.336296,True,True,official_T,512.0,official_T,512.0
cifar10,audit,1800,ann_T_multi,512,0.0651101388618615,2.1376475,True,True,official_O,512.0,official_O,512.0
cifar10,audit,1800,ann_T_single,32,0.4028758806692894,0.449008,True,True,official_T,64.0,official_T,64.0
cifar10,audit,1800,ann_T_single,64,0.2776530521166729,0.5179995,True,True,official_T,128.0,official_T,128.0
cifar10,audit,1800,ann_T_single,128,0.1930544115649193,0.7034485,True,True,official_T,128.0,official_T,128.0
cifar10,audit,1800,ann_T_single,256,0.1242047404934583,1.0481255,True,True,official_T,256.0,official_T,256.0
cifar10,audit,1800,ann_T_single,512,0.0801055691244954,1.8209715,True,True,official_T,512.0,official_T,512.0
cifar10,audit,1800,exact_annular,32,0.1815245318204683,3.0138665,True,True,official_T,128.0,official_T,128.0
cifar10,audit,1800,exact_annular,64,0.1272375866707865,2.573247,True,True,official_T,256.0,official_T,256.0
cifar10,audit,1800,exact_annular,128,0.0898488156888671,2.5885205,True,True,official_T,512.0,official_T,512.0
cifar10,audit,1800,exact_annular,256,0.0677618443240138,2.638103,True,True,official_O,512.0,official_O,512.0
cifar10,audit,1800,exact_annular,512,0.0425857643022505,2.6276545,True,True,projected_current,512.0,projected_current,512.0
cifar10,audit,1800,official_E,32,0.3973974969471298,1.4314805,True,True,official_T,64.0,official_T,64.0
cifar10,audit,1800,official_E,64,0.2091727498588502,1.341248,True,True,official_T,128.0,official_T,128.0
cifar10,audit,1800,official_E,128,0.1017854547539363,1.506673,True,True,official_T,512.0,official_T,512.0
cifar10,audit,1800,official_E,256,0.0429744404572787,1.840719,False,False,,,,
cifar10,audit,1800,official_E,512,0.0127832981329336,2.4981235,True,True,exact,0.0,exact,0.0
cifar10,audit,1800,official_O,32,0.3652932692909645,0.494781,True,True,official_T,64.0,official_T,64.0
cifar10,audit,1800,official_O,64,0.2375044428706851,0.460601,True,True,official_T,128.0,official_T,128.0
cifar10,audit,1800,official_O,128,0.1354874828995538,0.5252125,True,True,official_T,256.0,official_T,256.0
cifar10,audit,1800,official_O,256,0.0782398114151706,0.659258,False,False,,,,
cifar10,audit,1800,official_O,512,0.0467013718059816,0.9696095,False,False,,,,
cifar10,audit,1800,official_T,32,0.3976260163277957,0.2184455,True,True,official_T,64.0,official_T,64.0
cifar10,audit,1800,official_T,64,0.2951718630466838,0.2106355,False,False,,,,
cifar10,audit,1800,official_T,128,0.1808987352799961,0.2648665,False,False,,,,
cifar10,audit,1800,official_T,256,0.1143069143903121,0.356716,False,False,,,,
cifar10,audit,1800,official_T,512,0.0796135134181459,0.5599415,False,False,,,,
cifar10,audit,1800,projected_current,32,0.3029170753414137,0.48867,True,True,official_T,64.0,official_T,64.0
cifar10,audit,1800,projected_current,64,0.1929145210664593,0.5877745,True,True,official_T,128.0,official_T,128.0
cifar10,audit,1800,projected_current,128,0.1159845074998871,0.755633,True,True,official_T,256.0,official_T,256.0
cifar10,audit,1800,projected_current,256,0.0582866966018764,1.107543,True,True,official_O,512.0,official_O,512.0
cifar10,audit,1800,projected_current,512,0.0260222301796954,1.888401,False,False,,,,
cifar10,audit,1800,projected_fast,32,0.3125336723773644,0.488746,True,True,official_T,64.0,official_T,64.0
cifar10,audit,1800,projected_fast,64,0.1936567805877067,0.5870415,True,True,official_T,128.0,official_T,128.0
cifar10,audit,1800,projected_fast,128,0.1133785224039462,0.757031,True,True,official_T,512.0,official_T,512.0
cifar10,audit,1800,projected_fast,256,0.0570652660255731,1.1118985,True,True,official_O,512.0,official_O,512.0
cifar10,audit,1800,projected_fast,512,0.0271086687249094,1.8923755,True,True,projected_current,512.0,projected_current,512.0
cifar10,audit,1800,uniform_mc,32,0.4237192203886764,0.211363,True,True,official_T,64.0,official_T,64.0
cifar10,audit,1800,uniform_mc,64,0.323390257873814,0.2912515,True,True,official_T,64.0,official_T,64.0
cifar10,audit,1800,uniform_mc,128,0.2221133926507214,0.4687825,True,True,official_T,128.0,official_T,128.0
cifar10,audit,1800,uniform_mc,256,0.1541218866706436,0.826563,True,True,official_T,256.0,official_T,256.0
cifar10,audit,1800,uniform_mc,512,0.0980307608992781,1.5872115,True,True,official_T,512.0,official_T,512.0
cifar10,audit,1800,exact,0,0.0,2.3325605,False,False,,,,
cifar10,test,1800,ann_E_multi,32,0.2592074914478665,1.852112,True,True,official_T,128.0,official_T,128.0
cifar10,test,1800,ann_E_multi,64,0.1390990067009183,1.9761155,True,True,official_T,256.0,official_T,256.0
cifar10,test,1800,ann_E_multi,128,0.066584861079687,2.102178,True,True,official_O,512.0,official_O,512.0
cifar10,test,1800,ann_E_multi,256,0.0281204574961428,2.578878,True,True,projected_current,512.0,projected_current,512.0
cifar10,test,1800,ann_E_multi,512,0.0089159687352369,3.480822,True,True,exact,0.0,exact,0.0
cifar10,test,1800,ann_E_single,32,0.3689998183971998,1.5849745,True,True,official_T,64.0,official_T,64.0
cifar10,test,1800,ann_E_single,64,0.207066823962984,1.714788,True,True,official_T,128.0,official_T,128.0
cifar10,test,1800,ann_E_single,128,0.1000778727525755,1.8338175,True,True,official_T,512.0,official_T,512.0
cifar10,test,1800,ann_E_single,256,0.041967580260528,2.2903615,True,True,projected_current,512.0,projected_current,512.0
cifar10,test,1800,ann_E_single,512,0.0127330925373556,3.1829165,True,True,exact,0.0,exact,0.0
cifar10,test,1800,ann_T_multi,32,0.2940896357679439,0.7396725,True,True,official_T,64.0,official_T,64.0
cifar10,test,1800,ann_T_multi,64,0.2063490924546813,0.835556,True,True,official_T,128.0,official_T,128.0
cifar10,test,1800,ann_T_multi,128,0.1434479800506846,1.0009845,True,True,official_T,256.0,official_T,256.0
cifar10,test,1800,ann_T_multi,256,0.1020965455253673,1.359391,True,True,official_T,512.0,official_T,512.0
cifar10,test,1800,ann_T_multi,512,0.0610354889424835,2.167742,True,True,official_O,512.0,official_O,512.0
cifar10,test,1800,ann_T_single,32,0.3899016151612869,0.447383,True,True,official_T,64.0,official_T,64.0
cifar10,test,1800,ann_T_single,64,0.2882065057428226,0.555866,True,True,official_T,64.0,official_T,64.0
cifar10,test,1800,ann_T_single,128,0.1812321763218962,0.725907,True,True,official_T,128.0,official_T,128.0
cifar10,test,1800,ann_T_single,256,0.1266616134685227,1.068884,True,True,official_T,256.0,official_T,256.0
cifar10,test,1800,ann_T_single,512,0.0805360268904261,1.864744,True,True,official_T,512.0,official_T,512.0
cifar10,test,1800,exact_annular,32,0.1754340481383741,3.0389985,True,True,official_T,256.0,official_T,256.0
cifar10,test,1800,exact_annular,64,0.1297995078369134,2.9963355,True,True,official_T,256.0,official_T,256.0
cifar10,test,1800,exact_annular,128,0.0943123248371796,2.695552,True,True,official_T,512.0,official_T,512.0
cifar10,test,1800,exact_annular,256,0.0660208860684022,2.6672695,True,True,official_O,512.0,official_O,512.0
cifar10,test,1800,exact_annular,512,0.0440460009742249,2.627073,True,True,official_E,256.0,official_E,256.0
cifar10,test,1800,official_E,32,0.3869087098605568,1.3785685,True,True,official_T,64.0,official_T,64.0
cifar10,test,1800,official_E,64,0.2153924633058137,1.4657365,True,True,official_T,128.0,official_T,128.0
cifar10,test,1800,official_E,128,0.1042709495784813,1.5132745,True,True,official_T,512.0,official_T,512.0
cifar10,test,1800,official_E,256,0.0434367484842232,1.8268135,False,False,,,,
cifar10,test,1800,official_E,512,0.0129964116422848,2.5009775,True,True,exact,0.0,exact,0.0
cifar10,test,1800,official_O,32,0.3779927136076041,0.48396,True,True,official_T,64.0,official_T,64.0
cifar10,test,1800,official_O,64,0.2194891942942415,0.5334225,True,True,official_T,128.0,official_T,128.0
cifar10,test,1800,official_O,128,0.1293065171439188,0.544992,True,True,official_T,256.0,official_T,256.0
cifar10,test,1800,official_O,256,0.0818303432981737,0.6788935,True,True,official_T,512.0,official_T,512.0
cifar10,test,1800,official_O,512,0.0451005273173886,0.9986735,False,False,,,,
cifar10,test,1800,official_T,32,0.3974498842061457,0.2129045,False,False,,,,
cifar10,test,1800,official_T,64,0.2672848100914168,0.241034,False,False,,,,
cifar10,test,1800,official_T,128,0.1785252499937007,0.272966,False,False,,,,
cifar10,test,1800,official_T,256,0.1155662812990853,0.3637535,False,False,,,,
cifar10,test,1800,official_T,512,0.0726277977107725,0.579822,False,False,,,,
cifar10,test,1800,projected_current,32,0.2952369295637234,0.4944985,True,True,official_T,64.0,official_T,64.0
cifar10,test,1800,projected_current,64,0.1892104283787959,0.5939205,True,True,official_T,128.0,official_T,128.0
cifar10,test,1800,projected_current,128,0.1123936878111159,0.7628405,True,True,official_T,512.0,official_T,512.0
cifar10,test,1800,projected_current,256,0.0590179642361248,1.1212145,True,True,official_O,512.0,official_O,512.0
cifar10,test,1800,projected_current,512,0.0251756164878303,1.9097415,False,False,,,,
cifar10,test,1800,projected_fast,32,0.2913691235915201,0.4934285,True,True,official_T,64.0,official_T,64.0
cifar10,test,1800,projected_fast,64,0.1873086035582605,0.595992,True,True,official_T,128.0,official_T,128.0
cifar10,test,1800,projected_fast,128,0.1080506214365505,0.7636185,True,True,official_T,512.0,official_T,512.0
cifar10,test,1800,projected_fast,256,0.058509507581354,1.1259195,True,True,official_O,512.0,official_O,512.0
cifar10,test,1800,projected_fast,512,0.0258707748759008,1.911475,True,True,projected_current,512.0,projected_current,512.0
cifar10,test,1800,uniform_mc,32,0.4215629192383016,0.2072965,False,False,,,,
cifar10,test,1800,uniform_mc,64,0.3115423678707397,0.3061635,True,True,official_T,64.0,official_T,64.0
cifar10,test,1800,uniform_mc,128,0.2198982212649633,0.4796475,True,True,official_T,128.0,official_T,128.0
cifar10,test,1800,uniform_mc,256,0.1528984581660567,0.8394055,True,True,official_T,256.0,official_T,256.0
cifar10,test,1800,uniform_mc,512,0.0996409263335636,1.6232905,True,True,official_T,512.0,official_T,512.0
cifar10,test,1800,exact,0,0.0,2.435951,False,False,,,,
cifar10_gist512,audit,1800,ann_E_multi,32,0.2235604633262497,0.635972,True,True,official_T,64.0,official_T,64.0
cifar10_gist512,audit,1800,ann_E_multi,64,0.1348511369850742,0.6545185,True,True,official_T,256.0,official_T,256.0
cifar10_gist512,audit,1800,ann_E_multi,128,0.0755546066138161,0.694994,True,True,official_T,512.0,official_T,512.0
cifar10_gist512,audit,1800,ann_E_multi,256,0.038783102627208,0.7756845,True,True,official_E,512.0,official_E,512.0
cifar10_gist512,audit,1800,ann_E_multi,512,0.0175470514814906,0.9329485,True,True,exact,0.0,exact,0.0
cifar10_gist512,audit,1800,ann_E_single,32,0.2966278251989558,0.398815,True,True,official_T,64.0,official_T,64.0
cifar10_gist512,audit,1800,ann_E_single,64,0.1709251236073152,0.4158165,True,True,official_T,128.0,official_T,128.0
cifar10_gist512,audit,1800,ann_E_single,128,0.0987747900636999,0.4558755,True,True,official_T,512.0,official_T,512.0
cifar10_gist512,audit,1800,ann_E_single,256,0.0519318880743102,0.533949,True,True,official_O,512.0,official_O,512.0
cifar10_gist512,audit,1800,ann_E_single,512,0.0230118928160588,0.692238,True,True,official_E,512.0,official_E,512.0
cifar10_gist512,audit,1800,ann_T_multi,32,0.2450824889722871,0.498683,True,True,official_T,64.0,official_T,64.0
cifar10_gist512,audit,1800,ann_T_multi,64,0.1732242374927191,0.5037315,True,True,official_T,128.0,official_T,128.0
cifar10_gist512,audit,1800,ann_T_multi,128,0.1163416644117845,0.5423585,True,True,official_T,256.0,official_T,256.0
cifar10_gist512,audit,1800,ann_T_multi,256,0.0798149598007088,0.6230175,True,True,official_T,512.0,official_T,512.0
cifar10_gist512,audit,1800,ann_T_multi,512,0.0505214378903325,0.773192,True,True,official_O,512.0,official_O,512.0
cifar10_gist512,audit,1800,ann_T_single,32,0.3307468702902213,0.247314,True,True,official_T,32.0,official_T,32.0
cifar10_gist512,audit,1800,ann_T_single,64,0.2164079820463413,0.265411,True,True,official_T,128.0,official_T,128.0
cifar10_gist512,audit,1800,ann_T_single,128,0.1469981813907443,0.3020095,True,True,official_T,256.0,official_T,256.0
cifar10_gist512,audit,1800,ann_T_single,256,0.1010338416894484,0.382162,True,True,official_T,256.0,official_T,256.0
cifar10_gist512,audit,1800,ann_T_single,512,0.0611937960248217,0.5276205,True,True,official_T,512.0,official_T,512.0
cifar10_gist512,audit,1800,exact_annular,32,0.1503372479292868,0.5742455,True,True,official_T,256.0,official_T,256.0
cifar10_gist512,audit,1800,exact_annular,64,0.1130474875051962,0.5764865,True,True,official_T,256.0,official_T,256.0
cifar10_gist512,audit,1800,exact_annular,128,0.0813953778728849,0.581319,True,True,official_T,512.0,official_T,512.0
cifar10_gist512,audit,1800,exact_annular,256,0.0559688821729804,0.586377,True,True,official_O,512.0,official_O,512.0
cifar10_gist512,audit,1800,exact_annular,512,0.0365603883708786,0.596178,True,True,official_E,512.0,official_E,512.0
cifar10_gist512,audit,1800,official_E,32,0.2931842362987693,0.221604,True,True,official_T,64.0,official_T,64.0
cifar10_gist512,audit,1800,official_E,64,0.1762325392524463,0.23124,True,True,official_T,128.0,official_T,128.0
cifar10_gist512,audit,1800,official_E,128,0.0996650145878441,0.250433,True,True,official_T,512.0,official_T,512.0
cifar10_gist512,audit,1800,official_E,256,0.0527067921275832,0.2827625,True,True,official_O,512.0,official_O,512.0
cifar10_gist512,audit,1800,official_E,512,0.0221377378633197,0.344527,False,False,,,,
cifar10_gist512,audit,1800,official_O,32,0.3035379498161262,0.1090755,True,True,official_T,64.0,official_T,64.0
cifar10_gist512,audit,1800,official_O,64,0.1978062620078486,0.11632,True,True,official_T,128.0,official_T,128.0
cifar10_gist512,audit,1800,official_O,128,0.1179662303770307,0.132745,True,True,official_T,256.0,official_T,256.0
cifar10_gist512,audit,1800,official_O,256,0.0746473789919626,0.1661975,True,True,official_T,512.0,official_T,512.0
cifar10_gist512,audit,1800,official_O,512,0.0447064538321026,0.227016,False,False,,,,
cifar10_gist512,audit,1800,official_T,32,0.312326070914087,0.086703,False,False,,,,
cifar10_gist512,audit,1800,official_T,64,0.2228155689381551,0.091654,False,False,,,,
cifar10_gist512,audit,1800,official_T,128,0.1509840387507762,0.101025,False,False,,,,
cifar10_gist512,audit,1800,official_T,256,0.100893452512572,0.121067,False,False,,,,
cifar10_gist512,audit,1800,official_T,512,0.0607942781190939,0.1556865,False,False,,,,
cifar10_gist512,audit,1800,projected_current,32,0.2614144196478365,0.3579955,True,True,official_T,64.0,official_T,64.0
cifar10_gist512,audit,1800,projected_current,64,0.1654709097394806,0.375056,True,True,official_T,128.0,official_T,128.0
cifar10_gist512,audit,1800,projected_current,128,0.1087686135100134,0.412222,True,True,official_T,256.0,official_T,256.0
cifar10_gist512,audit,1800,projected_current,256,0.0646021118354981,0.490992,True,True,official_T,512.0,official_T,512.0
cifar10_gist512,audit,1800,projected_current,512,0.0324076059890978,0.630643,True,True,official_E,512.0,official_E,512.0
cifar10_gist512,audit,1800,projected_fast,32,0.260611417550852,0.359282,True,True,official_T,64.0,official_T,64.0
cifar10_gist512,audit,1800,projected_fast,64,0.1724595039846304,0.3762725,True,True,official_T,128.0,official_T,128.0
cifar10_gist512,audit,1800,projected_fast,128,0.1094438451330846,0.415194,True,True,official_T,256.0,official_T,256.0
cifar10_gist512,audit,1800,projected_fast,256,0.0617315150350864,0.494874,True,True,official_T,512.0,official_T,512.0
cifar10_gist512,audit,1800,projected_fast,512,0.033414966697637,0.6351245,True,True,official_E,512.0,official_E,512.0
cifar10_gist512,audit,1800,uniform_mc,32,0.3374496154405264,0.1115445,True,True,official_T,32.0,official_T,32.0
cifar10_gist512,audit,1800,uniform_mc,64,0.2276358001023553,0.125724,True,True,official_T,64.0,official_T,64.0
cifar10_gist512,audit,1800,uniform_mc,128,0.1812634399169483,0.156934,True,True,official_T,128.0,official_T,128.0
cifar10_gist512,audit,1800,uniform_mc,256,0.1196690669178597,0.22943,True,True,official_T,256.0,official_T,256.0
cifar10_gist512,audit,1800,uniform_mc,512,0.0770671762703139,0.3620515,True,True,official_T,512.0,official_T,512.0
cifar10_gist512,audit,1800,exact,0,0.0,0.365527,False,False,,,,
cifar10_gist512,audit,20000,exact_annular,64,0.1180740954714211,5.2969335,True,True,projected_fast,256.0,projected_fast,256.0
cifar10_gist512,audit,20000,exact_annular,128,0.0793892536262221,5.249934,True,True,exact,0.0,exact,0.0
cifar10_gist512,audit,20000,exact_annular,256,0.0535202175771909,5.3196535,True,True,exact,0.0,exact,0.0
cifar10_gist512,audit,20000,official_E,64,0.2466849081098544,3.152584,True,True,uniform_mc,128.0,uniform_mc,128.0
cifar10_gist512,audit,20000,official_E,128,0.1731093082461657,3.10686,True,True,official_T,256.0,official_T,256.0
cifar10_gist512,audit,20000,official_E,256,0.1151781468323698,3.1618315,True,True,projected_fast,256.0,projected_fast,256.0
cifar10_gist512,audit,20000,official_O,64,0.254387467011415,0.6431985,True,True,uniform_mc,64.0,uniform_mc,64.0
cifar10_gist512,audit,20000,official_O,128,0.17810373296735,0.6325945,True,True,official_T,256.0,official_T,256.0
cifar10_gist512,audit,20000,official_O,256,0.1279867060204318,0.681154,True,True,official_T,256.0,official_T,256.0
cifar10_gist512,audit,20000,official_T,64,0.2688204289082399,0.277505,True,True,uniform_mc,64.0,uniform_mc,64.0
cifar10_gist512,audit,20000,official_T,128,0.1733284463962947,0.2823355,True,True,official_T,256.0,official_T,256.0
cifar10_gist512,audit,20000,official_T,256,0.120743962642399,0.2696465,False,False,,,,
cifar10_gist512,audit,20000,projected_current,64,0.2214392928964318,1.7355415,True,True,uniform_mc,128.0,uniform_mc,128.0
cifar10_gist512,audit,20000,projected_current,128,0.1551613868100149,1.801003,True,True,official_T,256.0,official_T,256.0
cifar10_gist512,audit,20000,projected_current,256,0.1025287537883764,1.910476,True,True,projected_fast,256.0,projected_fast,256.0
cifar10_gist512,audit,20000,projected_fast,64,0.2230269836054013,0.990175,True,True,uniform_mc,128.0,uniform_mc,128.0
cifar10_gist512,audit,20000,projected_fast,128,0.1576137681332341,1.035741,True,True,official_T,256.0,official_T,256.0
cifar10_gist512,audit,20000,projected_fast,256,0.0994432062757764,1.138386,False,False,,,,
cifar10_gist512,audit,20000,uniform_mc,64,0.2533978740480894,0.152232,False,False,,,,
cifar10_gist512,audit,20000,uniform_mc,128,0.1909079742857797,0.187353,False,False,,,,
cifar10_gist512,audit,20000,uniform_mc,256,0.2344424905188245,0.2725045,True,True,uniform_mc,128.0,uniform_mc,128.0
cifar10_gist512,audit,20000,exact,0,0.0,4.741471,False,False,,,,
cifar10_gist512,test,1800,ann_E_multi,32,0.2179808498260682,0.6180545,True,True,official_T,64.0,official_T,64.0
cifar10_gist512,test,1800,ann_E_multi,64,0.1331345732897672,0.63751,True,True,official_T,256.0,official_T,256.0
cifar10_gist512,test,1800,ann_E_multi,128,0.0767052113955421,0.6813095,True,True,official_T,512.0,official_T,512.0
cifar10_gist512,test,1800,ann_E_multi,256,0.0386686781918453,0.7847205,True,True,official_E,512.0,official_E,512.0
cifar10_gist512,test,1800,ann_E_multi,512,0.0170214334248308,0.913597,True,True,exact,0.0,exact,0.0
cifar10_gist512,test,1800,ann_E_single,32,0.2843344932744077,0.400088,True,True,official_T,64.0,official_T,64.0
cifar10_gist512,test,1800,ann_E_single,64,0.1743689151016756,0.4170335,True,True,official_T,128.0,official_T,128.0
cifar10_gist512,test,1800,ann_E_single,128,0.1007280524773715,0.4596365,True,True,official_T,256.0,official_T,256.0
cifar10_gist512,test,1800,ann_E_single,256,0.0526823436899273,0.548809,True,True,official_O,512.0,official_O,512.0
cifar10_gist512,test,1800,ann_E_single,512,0.0233150345813777,0.6789745,True,True,official_E,512.0,official_E,512.0
cifar10_gist512,test,1800,ann_T_multi,32,0.2338284736257063,0.4698295,True,True,official_T,64.0,official_T,64.0
cifar10_gist512,test,1800,ann_T_multi,64,0.1673501496606857,0.479907,True,True,official_T,128.0,official_T,128.0
cifar10_gist512,test,1800,ann_T_multi,128,0.1138298254025016,0.529303,True,True,official_T,256.0,official_T,256.0
cifar10_gist512,test,1800,ann_T_multi,256,0.0744123572329252,0.6253775,True,True,official_T,512.0,official_T,512.0
cifar10_gist512,test,1800,ann_T_multi,512,0.0509064399257412,0.7545555,True,True,official_O,512.0,official_O,512.0
cifar10_gist512,test,1800,ann_T_single,32,0.2954481084881798,0.236826,True,True,official_T,64.0,official_T,64.0
cifar10_gist512,test,1800,ann_T_single,64,0.2171345370470122,0.2586205,True,True,official_T,64.0,official_T,64.0
cifar10_gist512,test,1800,ann_T_single,128,0.1401500568551952,0.302566,True,True,official_T,256.0,official_T,256.0
cifar10_gist512,test,1800,ann_T_single,256,0.0947922468176894,0.38974,True,True,official_T,512.0,official_T,512.0
cifar10_gist512,test,1800,ann_T_single,512,0.0589495901294891,0.514693,True,True,official_O,512.0,official_O,512.0
cifar10_gist512,test,1800,exact_annular,32,0.1414261157758689,0.5846375,True,True,official_T,256.0,official_T,256.0
cifar10_gist512,test,1800,exact_annular,64,0.1074255013372298,0.58505,True,True,official_T,256.0,official_T,256.0
cifar10_gist512,test,1800,exact_annular,128,0.0770238313739866,0.5938255,True,True,official_T,512.0,official_T,512.0
cifar10_gist512,test,1800,exact_annular,256,0.0506202342331788,0.6068465,True,True,official_O,512.0,official_O,512.0
cifar10_gist512,test,1800,exact_annular,512,0.0330507787983899,0.6112555,True,True,official_E,512.0,official_E,512.0
cifar10_gist512,test,1800,official_E,32,0.2787384422327001,0.2316245,True,True,official_T,64.0,official_T,64.0
cifar10_gist512,test,1800,official_E,64,0.1732106086644347,0.238705,True,True,official_T,128.0,official_T,128.0
cifar10_gist512,test,1800,official_E,128,0.1031136143927495,0.259153,True,True,official_T,256.0,official_T,256.0
cifar10_gist512,test,1800,official_E,256,0.0528268723726777,0.292426,True,True,official_O,512.0,official_O,512.0
cifar10_gist512,test,1800,official_E,512,0.0224331789119556,0.3421565,False,False,,,,
cifar10_gist512,test,1800,official_O,32,0.2909143284669532,0.110939,True,True,official_T,64.0,official_T,64.0
cifar10_gist512,test,1800,official_O,64,0.1869170271750474,0.1195785,True,True,official_T,128.0,official_T,128.0
cifar10_gist512,test,1800,official_O,128,0.1218636123527581,0.1433545,True,True,official_T,256.0,official_T,256.0
cifar10_gist512,test,1800,official_O,256,0.068019015228937,0.1746925,True,True,official_T,512.0,official_T,512.0
cifar10_gist512,test,1800,official_O,512,0.0403524562779594,0.2274145,False,False,,,,
cifar10_gist512,test,1800,official_T,32,0.299288252497372,0.0854665,False,False,,,,
cifar10_gist512,test,1800,official_T,64,0.2132181446518524,0.0924255,False,False,,,,
cifar10_gist512,test,1800,official_T,128,0.1428444978141611,0.1068435,False,False,,,,
cifar10_gist512,test,1800,official_T,256,0.0991515215082168,0.1276655,False,False,,,,
cifar10_gist512,test,1800,official_T,512,0.059490735922475,0.156999,False,False,,,,
cifar10_gist512,test,1800,projected_current,32,0.2532687191163018,0.333309,True,True,official_T,64.0,official_T,64.0
cifar10_gist512,test,1800,projected_current,64,0.1685895995305806,0.355066,True,True,official_T,128.0,official_T,128.0
cifar10_gist512,test,1800,projected_current,128,0.1054942347542199,0.400343,True,True,official_T,256.0,official_T,256.0
cifar10_gist512,test,1800,projected_current,256,0.063247594414528,0.4903985,True,True,official_T,512.0,official_T,512.0
cifar10_gist512,test,1800,projected_current,512,0.0327044407141133,0.6081155,True,True,official_E,512.0,official_E,512.0
cifar10_gist512,test,1800,projected_fast,32,0.2472923559211583,0.3357325,True,True,official_T,64.0,official_T,64.0
cifar10_gist512,test,1800,projected_fast,64,0.164811482949716,0.357648,True,True,official_T,128.0,official_T,128.0
cifar10_gist512,test,1800,projected_fast,128,0.1098275993832647,0.4033555,True,True,official_T,256.0,official_T,256.0
cifar10_gist512,test,1800,projected_fast,256,0.0646475579431051,0.494461,True,True,official_T,512.0,official_T,512.0
cifar10_gist512,test,1800,projected_fast,512,0.0310136276539072,0.611166,True,True,official_E,512.0,official_E,512.0
cifar10_gist512,test,1800,uniform_mc,32,0.3211293743494892,0.1068585,True,True,official_T,32.0,official_T,32.0
cifar10_gist512,test,1800,uniform_mc,64,0.2392085394467686,0.122424,True,True,official_T,64.0,official_T,64.0
cifar10_gist512,test,1800,uniform_mc,128,0.1589022141647225,0.1587845,True,True,official_T,128.0,official_T,128.0
cifar10_gist512,test,1800,uniform_mc,256,0.1157266829742556,0.2357515,True,True,official_T,256.0,official_T,256.0
cifar10_gist512,test,1800,uniform_mc,512,0.0783122698347598,0.3478135,True,True,official_T,512.0,official_T,512.0
cifar10_gist512,test,1800,exact,0,0.0,0.383094,False,False,,,,
isolet,audit,1800,ann_E_multi,32,0.2864469203773522,0.565256,True,True,official_T,64.0,official_T,64.0
isolet,audit,1800,ann_E_multi,64,0.1417709866965502,0.577396,True,True,official_T,256.0,official_T,256.0
isolet,audit,1800,ann_E_multi,128,0.0658105995826637,0.625809,True,True,official_T,512.0,official_T,512.0
isolet,audit,1800,ann_E_multi,256,0.0257702243874254,0.718162,True,True,official_E,512.0,official_E,512.0
isolet,audit,1800,ann_E_multi,512,0.0106539968152259,0.9143145,True,True,exact,0.0,exact,0.0
isolet,audit,1800,ann_E_single,32,0.3755311421526236,0.3273495,True,True,official_T,64.0,official_T,64.0
isolet,audit,1800,ann_E_single,64,0.186108247436659,0.3400805,True,True,official_T,128.0,official_T,128.0
isolet,audit,1800,ann_E_single,128,0.0880694557808367,0.3865695,True,True,official_T,256.0,official_T,256.0
isolet,audit,1800,ann_E_single,256,0.0352657747883901,0.4721885,True,True,official_E,256.0,official_E,256.0
isolet,audit,1800,ann_E_single,512,0.0136248534144082,0.6694355,True,True,official_E,512.0,official_E,512.0
isolet,audit,1800,ann_T_multi,32,0.331104502512877,0.5212685,True,True,official_T,64.0,official_T,64.0
isolet,audit,1800,ann_T_multi,64,0.2070518224589393,0.520581,True,True,official_T,128.0,official_T,128.0
isolet,audit,1800,ann_T_multi,128,0.1101889655802908,0.5710355,True,True,official_T,256.0,official_T,256.0
isolet,audit,1800,ann_T_multi,256,0.0571165591428424,0.6593805,True,True,official_T,512.0,official_T,512.0
isolet,audit,1800,ann_T_multi,512,0.0310750090251684,0.8198115,True,True,official_O,512.0,official_O,512.0
isolet,audit,1800,ann_T_single,32,0.4271800164362399,0.2670705,True,True,official_T,32.0,official_T,32.0
isolet,audit,1800,ann_T_single,64,0.2484510312393059,0.2850185,True,True,official_T,64.0,official_T,64.0
isolet,audit,1800,ann_T_single,128,0.1466691341509656,0.3302545,True,True,official_T,128.0,official_T,128.0
isolet,audit,1800,ann_T_single,256,0.0733192264858608,0.416426,True,True,official_T,512.0,official_T,512.0
isolet,audit,1800,ann_T_single,512,0.0378174028554476,0.5748475,True,True,official_E,256.0,official_E,256.0
isolet,audit,1800,exact_annular,32,0.1733030051552158,0.672249,True,True,official_T,128.0,official_T,128.0
isolet,audit,1800,exact_annular,64,0.1423495039429117,0.6590685,True,True,official_T,256.0,official_T,256.0
isolet,audit,1800,exact_annular,128,0.1016761781123848,0.669355,True,True,official_T,256.0,official_T,256.0
isolet,audit,1800,exact_annular,256,0.0769663059212936,0.665618,True,True,official_T,256.0,official_T,256.0
isolet,audit,1800,exact_annular,512,0.0499801896405201,0.6811525,True,True,official_T,512.0,official_T,512.0
isolet,audit,1800,official_E,32,0.3808517255810585,0.159147,True,True,official_T,64.0,official_T,64.0
isolet,audit,1800,official_E,64,0.1942161256486874,0.1707075,True,True,official_T,128.0,official_T,128.0
isolet,audit,1800,official_E,128,0.0861298645610085,0.1980395,True,True,official_T,256.0,official_T,256.0
isolet,audit,1800,official_E,256,0.0351056781949906,0.256086,False,False,,,,
isolet,audit,1800,official_E,512,0.0130033090083014,0.390525,False,False,,,,
isolet,audit,1800,official_O,32,0.3826089194593685,0.15044,True,True,official_T,64.0,official_T,64.0
isolet,audit,1800,official_O,64,0.1990380059741903,0.165526,True,True,official_T,128.0,official_T,128.0
isolet,audit,1800,official_O,128,0.0908884090803895,0.186532,True,True,official_T,256.0,official_T,256.0
isolet,audit,1800,official_O,256,0.0456917414072213,0.245622,True,True,official_T,512.0,official_T,512.0
isolet,audit,1800,official_O,512,0.0260750398807685,0.373059,False,False,,,,
isolet,audit,1800,official_T,32,0.4238201004301129,0.107624,False,False,,,,
isolet,audit,1800,official_T,64,0.2412233264151308,0.1090695,False,False,,,,
isolet,audit,1800,official_T,128,0.1463506709678391,0.1211555,False,False,,,,
isolet,audit,1800,official_T,256,0.0759567674917443,0.1449225,False,False,,,,
isolet,audit,1800,official_T,512,0.0381568698230942,0.195865,False,False,,,,
isolet,audit,1800,projected_current,32,0.3633269016272943,0.36185,True,True,official_T,64.0,official_T,64.0
isolet,audit,1800,projected_current,64,0.1957854102015965,0.3770385,True,True,official_T,128.0,official_T,128.0
isolet,audit,1800,projected_current,128,0.1165884189522333,0.4248445,True,True,official_T,256.0,official_T,256.0
isolet,audit,1800,projected_current,256,0.0566328013712079,0.512506,True,True,official_T,512.0,official_T,512.0
isolet,audit,1800,projected_current,512,0.0244432424581632,0.6695855,True,True,official_E,512.0,official_E,512.0
isolet,audit,1800,projected_fast,32,0.3441665257549925,0.3622475,True,True,official_T,64.0,official_T,64.0
isolet,audit,1800,projected_fast,64,0.2039967506094909,0.378179,True,True,official_T,128.0,official_T,128.0
isolet,audit,1800,projected_fast,128,0.1120985832797192,0.427397,True,True,official_T,256.0,official_T,256.0
isolet,audit,1800,projected_fast,256,0.0557665527186393,0.515324,True,True,official_T,512.0,official_T,512.0
isolet,audit,1800,projected_fast,512,0.0230373624661612,0.672757,True,True,official_E,512.0,official_E,512.0
isolet,audit,1800,uniform_mc,32,0.6254050340136186,0.114627,True,True,official_T,32.0,official_T,32.0
isolet,audit,1800,uniform_mc,64,0.4058441474181027,0.129524,True,True,official_T,64.0,official_T,64.0
isolet,audit,1800,uniform_mc,128,0.30642992525945,0.1688975,True,True,official_T,64.0,official_T,64.0
isolet,audit,1800,uniform_mc,256,0.2125209454038558,0.2505545,True,True,official_T,128.0,official_T,128.0
isolet,audit,1800,uniform_mc,512,0.1420751519719374,0.4001705,True,True,official_T,256.0,official_T,256.0
isolet,audit,1800,exact,0,0.0,0.4247595,False,False,,,,
isolet,test,1800,ann_E_multi,32,0.2807440930457077,0.5527355,True,True,official_T,64.0,official_T,64.0
isolet,test,1800,ann_E_multi,64,0.1402180361662978,0.570079,True,True,official_T,256.0,official_T,256.0
isolet,test,1800,ann_E_multi,128,0.0559999805310919,0.618594,True,True,official_T,512.0,official_T,512.0
isolet,test,1800,ann_E_multi,256,0.0276928840947856,0.7062995,True,True,official_O,512.0,official_O,512.0
isolet,test,1800,ann_E_multi,512,0.0119277182374256,0.9207755,True,True,exact,0.0,exact,0.0
isolet,test,1800,ann_E_single,32,0.3836953423343993,0.3167055,True,True,official_T,64.0,official_T,64.0
isolet,test,1800,ann_E_single,64,0.1912665744685822,0.336235,True,True,official_T,128.0,official_T,128.0
isolet,test,1800,ann_E_single,128,0.0807774939205886,0.381626,True,True,official_T,256.0,official_T,256.0
isolet,test,1800,ann_E_single,256,0.0359178261250016,0.466238,True,True,official_E,256.0,official_E,256.0
isolet,test,1800,ann_E_single,512,0.0142418432057113,0.6763425,True,True,exact,0.0,exact,0.0
isolet,test,1800,ann_T_multi,32,0.3424927274695107,0.5144985,True,True,official_T,64.0,official_T,64.0
isolet,test,1800,ann_T_multi,64,0.2108229871726955,0.516893,True,True,official_T,128.0,official_T,128.0
isolet,test,1800,ann_T_multi,128,0.1144491958753358,0.5669175,True,True,official_T,256.0,official_T,256.0
isolet,test,1800,ann_T_multi,256,0.0582025373137657,0.6535885,True,True,official_T,512.0,official_T,512.0
isolet,test,1800,ann_T_multi,512,0.0287659696120309,0.8360245,True,True,official_O,512.0,official_O,512.0
isolet,test,1800,ann_T_single,32,0.4398995040185426,0.2628275,True,True,official_T,64.0,official_T,64.0
isolet,test,1800,ann_T_single,64,0.2646520935357012,0.2827885,True,True,official_T,128.0,official_T,128.0
isolet,test,1800,ann_T_single,128,0.1449346241389278,0.329166,True,True,official_T,128.0,official_T,128.0
isolet,test,1800,ann_T_single,256,0.0759053285143855,0.414194,True,True,official_T,256.0,official_T,256.0
isolet,test,1800,ann_T_single,512,0.0375640996080323,0.591144,True,True,official_T,512.0,official_T,512.0
isolet,test,1800,exact_annular,32,0.1834667029798102,0.654774,True,True,official_T,128.0,official_T,128.0
isolet,test,1800,exact_annular,64,0.1433708815680124,0.6529255,True,True,official_T,256.0,official_T,256.0
isolet,test,1800,exact_annular,128,0.1131183826745163,0.656011,True,True,official_T,256.0,official_T,256.0
isolet,test,1800,exact_annular,256,0.0752952834871283,0.6597905,True,True,official_T,256.0,official_T,256.0
isolet,test,1800,exact_annular,512,0.0521340520118933,0.6875305,True,True,official_T,512.0,official_T,512.0
isolet,test,1800,official_E,32,0.3757772375996902,0.151838,True,True,official_T,64.0,official_T,64.0
isolet,test,1800,official_E,64,0.1841861148456385,0.16499,True,True,official_T,128.0,official_T,128.0
isolet,test,1800,official_E,128,0.082558944137979,0.1947515,True,True,official_T,256.0,official_T,256.0
isolet,test,1800,official_E,256,0.0354568560702913,0.249094,False,False,,,,
isolet,test,1800,official_E,512,0.0149772580759881,0.388809,False,False,,,,
isolet,test,1800,official_O,32,0.370566639683495,0.138913,True,True,official_T,64.0,official_T,64.0
isolet,test,1800,official_O,64,0.190209080931266,0.1529755,True,True,official_T,128.0,official_T,128.0
isolet,test,1800,official_O,128,0.0878749130808741,0.181373,True,True,official_T,256.0,official_T,256.0
isolet,test,1800,official_O,256,0.0463857531434563,0.2353345,True,True,official_T,512.0,official_T,512.0
isolet,test,1800,official_O,512,0.0262014953050351,0.3676055,False,False,,,,
isolet,test,1800,official_T,32,0.4406599481268029,0.105071,False,False,,,,
isolet,test,1800,official_T,64,0.2677257688588823,0.107166,False,False,,,,
isolet,test,1800,official_T,128,0.1446986788276576,0.1211815,False,False,,,,
isolet,test,1800,official_T,256,0.0714208655819339,0.142374,False,False,,,,
isolet,test,1800,official_T,512,0.0361295877125191,0.195783,False,False,,,,
isolet,test,1800,projected_current,32,0.3520774874551559,0.35795,True,True,official_T,64.0,official_T,64.0
isolet,test,1800,projected_current,64,0.2099214721277886,0.376077,True,True,official_T,128.0,official_T,128.0
isolet,test,1800,projected_current,128,0.1100268510525232,0.4230125,True,True,official_T,256.0,official_T,256.0
isolet,test,1800,projected_current,256,0.0529640970063207,0.506856,True,True,official_T,512.0,official_T,512.0
isolet,test,1800,projected_current,512,0.0220049764217347,0.6801845,True,True,official_E,512.0,official_E,512.0
isolet,test,1800,projected_fast,32,0.3578665503404964,0.3575905,True,True,official_T,64.0,official_T,64.0
isolet,test,1800,projected_fast,64,0.2121106272358483,0.374852,True,True,official_T,128.0,official_T,128.0
isolet,test,1800,projected_fast,128,0.1096429561736529,0.4248345,True,True,official_T,256.0,official_T,256.0
isolet,test,1800,projected_fast,256,0.0531016555761984,0.5092825,True,True,official_T,512.0,official_T,512.0
isolet,test,1800,projected_fast,512,0.0224741031859965,0.684386,True,True,official_E,512.0,official_E,512.0
isolet,test,1800,uniform_mc,32,0.565507943679159,0.1135465,True,True,official_T,32.0,official_T,32.0
isolet,test,1800,uniform_mc,64,0.4390715091617489,0.129294,True,True,official_T,64.0,official_T,64.0
isolet,test,1800,uniform_mc,128,0.3072356133081724,0.1685995,True,True,official_T,64.0,official_T,64.0
isolet,test,1800,uniform_mc,256,0.2268186830527536,0.249692,True,True,official_T,128.0,official_T,128.0
isolet,test,1800,uniform_mc,512,0.1392938788758316,0.4122505,True,True,official_T,256.0,official_T,256.0
isolet,test,1800,exact,0,0.0,0.4228905,False,False,,,,
