dataset,phase,n,method,axis,target,baseline_method,baseline_budget,baseline_value,candidate_budget,candidate_value,relative_gain
amazon,test,720,ann_O_multi,error_target,0.05,official_T,256.0,2.171635,128.0,3.974404,-0.8301436475282447
amazon,test,720,ann_O_multi,error_target,0.1,official_T,128.0,1.640829,64.0,3.1022385,-0.8906531393582144
amazon,test,720,ann_O_multi,error_target,0.15,projected_current,64.0,1.087627,64.0,3.1022385,-1.8523000072635196
amazon,test,720,ann_O_multi,error_target,0.2,projected_current,32.0,0.749902,32.0,2.6611155,-2.5486176860443104
amazon,test,720,ann_T_multi,error_target,0.05,official_T,256.0,2.171635,256.0,4.8171665,-1.2182210638528113
amazon,test,720,ann_T_multi,error_target,0.1,official_T,128.0,1.640829,128.0,3.0777715,-0.8757417744323142
amazon,test,720,ann_T_multi,error_target,0.15,projected_current,64.0,1.087627,64.0,2.219929,-1.0410756628881042
amazon,test,720,ann_T_multi,error_target,0.2,projected_current,32.0,0.749902,32.0,1.867165,-1.4898786774805242
cifar10,audit,1800,ann_E_multi,error_target,0.05,official_O,512.0,0.9696095,256.0,2.5821795,-1.6631128304745366
cifar10,audit,1800,ann_E_multi,error_target,0.1,official_T,512.0,0.5599415,128.0,2.1070815,-2.7630386388578096
cifar10,audit,1800,ann_E_multi,error_target,0.15,official_T,256.0,0.356716,64.0,1.8755705,-4.257881620112359
cifar10,audit,1800,ann_E_multi,error_target,0.2,official_T,128.0,0.2648665,64.0,1.8755705,-6.081191845703401
cifar10,audit,1800,ann_T_multi,error_target,0.05,official_O,512.0,0.9696095,,,
cifar10,audit,1800,ann_T_multi,error_target,0.1,official_T,512.0,0.5599415,256.0,1.336296,-1.3864921603417502
cifar10,audit,1800,ann_T_multi,error_target,0.15,official_T,256.0,0.356716,128.0,0.986575,-1.7657155832651186
cifar10,audit,1800,ann_T_multi,error_target,0.2,official_T,128.0,0.2648665,128.0,0.986575,-2.7248009846469823
cifar10,test,1800,ann_E_multi,error_target,0.05,official_O,512.0,0.9986735,256.0,2.578878,-1.582303425493918
cifar10,test,1800,ann_E_multi,error_target,0.1,official_T,512.0,0.579822,128.0,2.102178,-2.62555749868063
cifar10,test,1800,ann_E_multi,error_target,0.15,official_T,256.0,0.3637535,64.0,1.9761155,-4.432567659142799
cifar10,test,1800,ann_E_multi,error_target,0.2,official_T,128.0,0.272966,64.0,1.9761155,-6.23941992775657
cifar10,test,1800,ann_T_multi,error_target,0.05,official_O,512.0,0.9986735,,,
cifar10,test,1800,ann_T_multi,error_target,0.1,official_T,512.0,0.579822,512.0,2.167742,-2.738633580650614
cifar10,test,1800,ann_T_multi,error_target,0.15,official_T,256.0,0.3637535,128.0,1.0009845,-1.7518209446781952
cifar10,test,1800,ann_T_multi,error_target,0.2,official_T,128.0,0.272966,128.0,1.0009845,-2.6670665943743908
cifar10_gist512,audit,1800,ann_E_multi,error_target,0.05,official_O,512.0,0.227016,256.0,0.7756845,-2.4168714980441908
cifar10_gist512,audit,1800,ann_E_multi,error_target,0.1,official_T,512.0,0.1556865,128.0,0.694994,-3.4640607888288324
cifar10_gist512,audit,1800,ann_E_multi,error_target,0.15,official_T,256.0,0.121067,64.0,0.6545185,-4.406250258121537
cifar10_gist512,audit,1800,ann_E_multi,error_target,0.2,official_T,128.0,0.101025,64.0,0.6545185,-5.478777530314279
cifar10_gist512,audit,1800,ann_T_multi,error_target,0.05,official_O,512.0,0.227016,,,
cifar10_gist512,audit,1800,ann_T_multi,error_target,0.1,official_T,512.0,0.1556865,256.0,0.6230175,-3.0017438891618733
cifar10_gist512,audit,1800,ann_T_multi,error_target,0.15,official_T,256.0,0.121067,128.0,0.5423585,-3.4798210908009617
cifar10_gist512,audit,1800,ann_T_multi,error_target,0.2,official_T,128.0,0.101025,64.0,0.5037315,-3.986206384558278
cifar10_gist512,test,1800,ann_E_multi,error_target,0.05,official_O,512.0,0.2274145,256.0,0.7847205,-2.4506177046758237
cifar10_gist512,test,1800,ann_E_multi,error_target,0.1,official_T,256.0,0.1276655,128.0,0.6813095,-4.3366767059229
cifar10_gist512,test,1800,ann_E_multi,error_target,0.15,official_T,128.0,0.1068435,64.0,0.63751,-4.966764473271655
cifar10_gist512,test,1800,ann_E_multi,error_target,0.2,official_T,128.0,0.1068435,64.0,0.63751,-4.966764473271655
cifar10_gist512,test,1800,ann_T_multi,error_target,0.05,official_O,512.0,0.2274145,,,
cifar10_gist512,test,1800,ann_T_multi,error_target,0.1,official_T,256.0,0.1276655,256.0,0.6253775,-3.8985630416988153
cifar10_gist512,test,1800,ann_T_multi,error_target,0.15,official_T,128.0,0.1068435,128.0,0.529303,-3.9540028172046027
cifar10_gist512,test,1800,ann_T_multi,error_target,0.2,official_T,128.0,0.1068435,64.0,0.479907,-3.491681758834183
isolet,audit,1800,ann_E_multi,error_target,0.05,official_T,512.0,0.195865,256.0,0.718162,-2.6666173129451405
isolet,audit,1800,ann_E_multi,error_target,0.1,official_T,256.0,0.1449225,128.0,0.625809,-3.3182321585675094
isolet,audit,1800,ann_E_multi,error_target,0.15,official_T,128.0,0.1211555,64.0,0.577396,-3.7657431977912683
isolet,audit,1800,ann_E_multi,error_target,0.2,official_T,128.0,0.1211555,64.0,0.577396,-3.7657431977912683
isolet,audit,1800,ann_T_multi,error_target,0.05,official_T,512.0,0.195865,512.0,0.8198115,-3.185594669798075
isolet,audit,1800,ann_T_multi,error_target,0.1,official_T,256.0,0.1449225,256.0,0.6593805,-3.549883558453656
isolet,audit,1800,ann_T_multi,error_target,0.15,official_T,128.0,0.1211555,128.0,0.5710355,-3.7132445493601205
isolet,audit,1800,ann_T_multi,error_target,0.2,official_T,128.0,0.1211555,128.0,0.5710355,-3.7132445493601205
isolet,test,1800,ann_E_multi,error_target,0.05,official_T,512.0,0.195783,256.0,0.7062995,-2.6075629651195453
isolet,test,1800,ann_E_multi,error_target,0.1,official_T,256.0,0.142374,128.0,0.618594,-3.3448522904462887
isolet,test,1800,ann_E_multi,error_target,0.15,official_T,128.0,0.1211815,64.0,0.570079,-3.7043401839389674
isolet,test,1800,ann_E_multi,error_target,0.2,official_T,128.0,0.1211815,64.0,0.570079,-3.7043401839389674
isolet,test,1800,ann_T_multi,error_target,0.05,official_T,512.0,0.195783,512.0,0.8360245,-3.27015879826134
isolet,test,1800,ann_T_multi,error_target,0.1,official_T,256.0,0.142374,256.0,0.6535885,-3.590645061598326
isolet,test,1800,ann_T_multi,error_target,0.15,official_T,128.0,0.1211815,128.0,0.5669175,-3.678251218214001
isolet,test,1800,ann_T_multi,error_target,0.2,official_T,128.0,0.1211815,128.0,0.5669175,-3.678251218214001
amazon,test,720,ann_O_multi,time_cap_ms,0.125,,,,,,
amazon,test,720,ann_O_multi,time_cap_ms,0.25,,,,,,
amazon,test,720,ann_O_multi,time_cap_ms,0.5,uniform_mc,32.0,0.2539216220381336,,,
amazon,test,720,ann_O_multi,time_cap_ms,1.0,projected_current,32.0,0.1723340023596204,,,
amazon,test,720,ann_O_multi,time_cap_ms,2.0,projected_current,128.0,0.0676344512138681,,,
amazon,test,720,ann_O_multi,time_cap_ms,4.0,exact,0.0,0.0,128.0,0.0419995345801123,
amazon,test,720,ann_T_multi,time_cap_ms,0.125,,,,,,
amazon,test,720,ann_T_multi,time_cap_ms,0.25,,,,,,
amazon,test,720,ann_T_multi,time_cap_ms,0.5,uniform_mc,32.0,0.2539216220381336,,,
amazon,test,720,ann_T_multi,time_cap_ms,1.0,projected_current,32.0,0.1723340023596204,,,
amazon,test,720,ann_T_multi,time_cap_ms,2.0,projected_current,128.0,0.0676344512138681,32.0,0.1546570255260795,-1.2866604629796692
amazon,test,720,ann_T_multi,time_cap_ms,4.0,exact,0.0,0.0,128.0,0.0663427046339076,
cifar10,audit,1800,ann_E_multi,time_cap_ms,0.125,,,,,,
cifar10,audit,1800,ann_E_multi,time_cap_ms,0.25,official_T,64.0,0.2951718630466838,,,
cifar10,audit,1800,ann_E_multi,time_cap_ms,0.5,official_T,256.0,0.1143069143903121,,,
cifar10,audit,1800,ann_E_multi,time_cap_ms,1.0,official_O,512.0,0.0467013718059816,,,
cifar10,audit,1800,ann_E_multi,time_cap_ms,2.0,projected_current,512.0,0.0260222301796954,64.0,0.1460899620855586,-4.614044648623143
cifar10,audit,1800,ann_E_multi,time_cap_ms,4.0,exact,0.0,0.0,512.0,0.0082752990610829,
cifar10,audit,1800,ann_T_multi,time_cap_ms,0.125,,,,,,
cifar10,audit,1800,ann_T_multi,time_cap_ms,0.25,official_T,64.0,0.2951718630466838,,,
cifar10,audit,1800,ann_T_multi,time_cap_ms,0.5,official_T,256.0,0.1143069143903121,,,
cifar10,audit,1800,ann_T_multi,time_cap_ms,1.0,official_O,512.0,0.0467013718059816,128.0,0.1475540973053524,-2.1595238340826084
cifar10,audit,1800,ann_T_multi,time_cap_ms,2.0,projected_current,512.0,0.0260222301796954,256.0,0.0942941510358039,-2.6235999137913875
cifar10,audit,1800,ann_T_multi,time_cap_ms,4.0,exact,0.0,0.0,512.0,0.0651101388618615,
cifar10,test,1800,ann_E_multi,time_cap_ms,0.125,,,,,,
cifar10,test,1800,ann_E_multi,time_cap_ms,0.25,official_T,64.0,0.2672848100914168,,,
cifar10,test,1800,ann_E_multi,time_cap_ms,0.5,official_T,256.0,0.1155662812990853,,,
cifar10,test,1800,ann_E_multi,time_cap_ms,1.0,official_O,512.0,0.0451005273173886,,,
cifar10,test,1800,ann_E_multi,time_cap_ms,2.0,projected_current,512.0,0.0251756164878303,64.0,0.1390990067009183,-4.525147984684216
cifar10,test,1800,ann_E_multi,time_cap_ms,4.0,exact,0.0,0.0,512.0,0.0089159687352369,
cifar10,test,1800,ann_T_multi,time_cap_ms,0.125,,,,,,
cifar10,test,1800,ann_T_multi,time_cap_ms,0.25,official_T,64.0,0.2672848100914168,,,
cifar10,test,1800,ann_T_multi,time_cap_ms,0.5,official_T,256.0,0.1155662812990853,,,
cifar10,test,1800,ann_T_multi,time_cap_ms,1.0,official_O,512.0,0.0451005273173886,64.0,0.2063490924546813,-3.57531440824469
cifar10,test,1800,ann_T_multi,time_cap_ms,2.0,projected_current,512.0,0.0251756164878303,256.0,0.1020965455253673,-3.0553741980745537
cifar10,test,1800,ann_T_multi,time_cap_ms,4.0,exact,0.0,0.0,512.0,0.0610354889424835,
cifar10_gist512,audit,1800,ann_E_multi,time_cap_ms,0.125,official_T,256.0,0.100893452512572,,,
cifar10_gist512,audit,1800,ann_E_multi,time_cap_ms,0.25,official_O,512.0,0.0447064538321026,,,
cifar10_gist512,audit,1800,ann_E_multi,time_cap_ms,0.5,exact,0.0,0.0,,,
cifar10_gist512,audit,1800,ann_E_multi,time_cap_ms,1.0,exact,0.0,0.0,512.0,0.0175470514814906,
cifar10_gist512,audit,1800,ann_E_multi,time_cap_ms,2.0,exact,0.0,0.0,512.0,0.0175470514814906,
cifar10_gist512,audit,1800,ann_E_multi,time_cap_ms,4.0,exact,0.0,0.0,512.0,0.0175470514814906,
cifar10_gist512,audit,1800,ann_T_multi,time_cap_ms,0.125,official_T,256.0,0.100893452512572,,,
cifar10_gist512,audit,1800,ann_T_multi,time_cap_ms,0.25,official_O,512.0,0.0447064538321026,,,
cifar10_gist512,audit,1800,ann_T_multi,time_cap_ms,0.5,exact,0.0,0.0,32.0,0.2450824889722871,
cifar10_gist512,audit,1800,ann_T_multi,time_cap_ms,1.0,exact,0.0,0.0,512.0,0.0505214378903325,
cifar10_gist512,audit,1800,ann_T_multi,time_cap_ms,2.0,exact,0.0,0.0,512.0,0.0505214378903325,
cifar10_gist512,audit,1800,ann_T_multi,time_cap_ms,4.0,exact,0.0,0.0,512.0,0.0505214378903325,
cifar10_gist512,test,1800,ann_E_multi,time_cap_ms,0.125,official_T,128.0,0.1428444978141611,,,
cifar10_gist512,test,1800,ann_E_multi,time_cap_ms,0.25,official_O,512.0,0.0403524562779594,,,
cifar10_gist512,test,1800,ann_E_multi,time_cap_ms,0.5,exact,0.0,0.0,,,
cifar10_gist512,test,1800,ann_E_multi,time_cap_ms,1.0,exact,0.0,0.0,512.0,0.0170214334248308,
cifar10_gist512,test,1800,ann_E_multi,time_cap_ms,2.0,exact,0.0,0.0,512.0,0.0170214334248308,
cifar10_gist512,test,1800,ann_E_multi,time_cap_ms,4.0,exact,0.0,0.0,512.0,0.0170214334248308,
cifar10_gist512,test,1800,ann_T_multi,time_cap_ms,0.125,official_T,128.0,0.1428444978141611,,,
cifar10_gist512,test,1800,ann_T_multi,time_cap_ms,0.25,official_O,512.0,0.0403524562779594,,,
cifar10_gist512,test,1800,ann_T_multi,time_cap_ms,0.5,exact,0.0,0.0,64.0,0.1673501496606857,
cifar10_gist512,test,1800,ann_T_multi,time_cap_ms,1.0,exact,0.0,0.0,512.0,0.0509064399257412,
cifar10_gist512,test,1800,ann_T_multi,time_cap_ms,2.0,exact,0.0,0.0,512.0,0.0509064399257412,
cifar10_gist512,test,1800,ann_T_multi,time_cap_ms,4.0,exact,0.0,0.0,512.0,0.0509064399257412,
isolet,audit,1800,ann_E_multi,time_cap_ms,0.125,official_T,128.0,0.1463506709678391,,,
isolet,audit,1800,ann_E_multi,time_cap_ms,0.25,official_T,512.0,0.0381568698230942,,,
isolet,audit,1800,ann_E_multi,time_cap_ms,0.5,exact,0.0,0.0,,,
isolet,audit,1800,ann_E_multi,time_cap_ms,1.0,exact,0.0,0.0,512.0,0.0106539968152259,
isolet,audit,1800,ann_E_multi,time_cap_ms,2.0,exact,0.0,0.0,512.0,0.0106539968152259,
isolet,audit,1800,ann_E_multi,time_cap_ms,4.0,exact,0.0,0.0,512.0,0.0106539968152259,
isolet,audit,1800,ann_T_multi,time_cap_ms,0.125,official_T,128.0,0.1463506709678391,,,
isolet,audit,1800,ann_T_multi,time_cap_ms,0.25,official_T,512.0,0.0381568698230942,,,
isolet,audit,1800,ann_T_multi,time_cap_ms,0.5,exact,0.0,0.0,,,
isolet,audit,1800,ann_T_multi,time_cap_ms,1.0,exact,0.0,0.0,512.0,0.0310750090251684,
isolet,audit,1800,ann_T_multi,time_cap_ms,2.0,exact,0.0,0.0,512.0,0.0310750090251684,
isolet,audit,1800,ann_T_multi,time_cap_ms,4.0,exact,0.0,0.0,512.0,0.0310750090251684,
isolet,test,1800,ann_E_multi,time_cap_ms,0.125,official_T,128.0,0.1446986788276576,,,
isolet,test,1800,ann_E_multi,time_cap_ms,0.25,official_E,256.0,0.0354568560702913,,,
isolet,test,1800,ann_E_multi,time_cap_ms,0.5,exact,0.0,0.0,,,
isolet,test,1800,ann_E_multi,time_cap_ms,1.0,exact,0.0,0.0,512.0,0.0119277182374256,
isolet,test,1800,ann_E_multi,time_cap_ms,2.0,exact,0.0,0.0,512.0,0.0119277182374256,
isolet,test,1800,ann_E_multi,time_cap_ms,4.0,exact,0.0,0.0,512.0,0.0119277182374256,
isolet,test,1800,ann_T_multi,time_cap_ms,0.125,official_T,128.0,0.1446986788276576,,,
isolet,test,1800,ann_T_multi,time_cap_ms,0.25,official_E,256.0,0.0354568560702913,,,
isolet,test,1800,ann_T_multi,time_cap_ms,0.5,exact,0.0,0.0,,,
isolet,test,1800,ann_T_multi,time_cap_ms,1.0,exact,0.0,0.0,512.0,0.0287659696120309,
isolet,test,1800,ann_T_multi,time_cap_ms,2.0,exact,0.0,0.0,512.0,0.0287659696120309,
isolet,test,1800,ann_T_multi,time_cap_ms,4.0,exact,0.0,0.0,512.0,0.0287659696120309,
