dataset,phase,n,method,budget,mean_relative_error,median_error,p90_error,se_query_cluster,median_latency_ms,queries,actual_kernel_evaluations,actual_samples
amazon,test,720,ann_O_multi,32,0.15826465026200706,0.15729756818406693,0.23714545265324488,0.004471559023906616,2.6611155,200,32.0,32.0
amazon,test,720,ann_O_multi,64,0.08437768880887887,0.0845477453938985,0.12647323996982715,0.0022063910141541312,3.1022385,200,64.0,64.0
amazon,test,720,ann_O_multi,128,0.04199953458011232,0.0407099135699606,0.06144784992813358,0.0011767297233031444,3.974404,200,128.0,128.0
amazon,test,720,ann_O_multi,256,0.01613881126676049,0.0160954037532257,0.02477854955912456,0.0004735080107362107,5.7429005,200,256.0,256.0
amazon,test,720,ann_O_multi,512,0.004058693394136731,0.003914336955976025,0.00611610553811098,0.00012112748817035591,9.415363,200,512.0,512.0
amazon,test,720,ann_O_single,32,0.20537124657927322,0.20217239129444814,0.317011434921296,0.0059450810993160064,2.2850675,200,32.0,32.0
amazon,test,720,ann_O_single,64,0.11720689928154578,0.1144461645478822,0.17344106554601146,0.003218756373959304,2.736783,200,64.0,64.0
amazon,test,720,ann_O_single,128,0.05399408649350386,0.0553934074307013,0.07845668031888925,0.001433243912410875,3.6252645,200,128.0,128.0
amazon,test,720,ann_O_single,256,0.020060255800802503,0.0198768795233124,0.030679361666845102,0.0005627134911063391,5.3513715,200,256.0,256.0
amazon,test,720,ann_O_single,512,0.004750430794415489,0.004672948593378001,0.007320513155755981,0.0001606692717470833,8.979181,200,512.0,512.0
amazon,test,720,ann_T_multi,32,0.15465702552607952,0.14402937982893851,0.23748906972540346,0.0058991541959643136,1.867165,200,32.0,32.0
amazon,test,720,ann_T_multi,64,0.11900532113797993,0.10111408863145852,0.1549362099331037,0.015081882352100113,2.219929,200,64.0,64.0
amazon,test,720,ann_T_multi,128,0.06634270463390762,0.05917618881712221,0.09413792894263696,0.0048745536677494705,3.0777715,200,128.0,128.0
amazon,test,720,ann_T_multi,256,0.040680702497407316,0.032914818730749404,0.055424455840464015,0.005849454889453154,4.8171665,200,256.0,256.0
amazon,test,720,ann_T_multi,512,0.017239825972953003,0.0111153602702561,0.02509211379147876,0.0038099732894475657,20.188466,200,512.0,512.0
amazon,test,720,ann_T_single,32,0.1991050689038819,0.1848926865801389,0.28402922855555246,0.006732912948982202,1.486461,200,32.0,32.0
amazon,test,720,ann_T_single,64,0.14686300323471346,0.13121486404491972,0.2028754789235345,0.015166965869863056,1.8752355,200,64.0,64.0
amazon,test,720,ann_T_single,128,0.08157879859305278,0.07503235679607931,0.11938332538351376,0.0051011002932594696,2.692263,200,128.0,128.0
amazon,test,720,ann_T_single,256,0.04863664249913386,0.0416755978461507,0.06310506405390474,0.00585301327826582,4.4380935,200,256.0,256.0
amazon,test,720,ann_T_single,512,0.01954834598476551,0.015846092184784,0.028048940732938895,0.002767587088940583,19.710333,200,512.0,512.0
amazon,test,720,exact,32,0.0,0.0,0.0,0.0,3.2537735,200,720.0,720.0
amazon,test,720,exact,64,0.0,0.0,0.0,0.0,3.3784165,200,720.0,720.0
amazon,test,720,exact,128,0.0,0.0,0.0,0.0,3.2625995,200,720.0,720.0
amazon,test,720,exact,256,0.0,0.0,0.0,0.0,3.148303,200,720.0,720.0
amazon,test,720,exact,512,0.0,0.0,0.0,0.0,2.965105,200,720.0,720.0
amazon,test,720,exact_annular,32,0.1059676961972881,0.10277874304981352,0.15388386292184417,0.0030580309635310794,3.454329,200,32.0,32.0
amazon,test,720,exact_annular,64,0.07335856946687958,0.0713123163786801,0.11024993542310733,0.0021803878231326165,3.581818,200,64.0,64.0
amazon,test,720,exact_annular,128,0.05029065074859305,0.049525168954921206,0.07512017617302046,0.0014373362460143708,3.4741015,200,128.0,128.0
amazon,test,720,exact_annular,256,0.030471329049986576,0.029772357048157505,0.047476143329667125,0.0009272909387670919,3.37007,200,256.0,256.0
amazon,test,720,exact_annular,512,0.014976337467173131,0.014744886187780401,0.023559697205948582,0.00044457544512774175,3.223187,200,512.0,512.0
amazon,test,720,official_O,32,0.19813108422742365,0.19179864558517873,0.3039985809542492,0.005641542906886664,2.1436445,200,32.718,32.0
amazon,test,720,official_O,64,0.11712086764173385,0.1183496521421358,0.17807519313214829,0.0033331908857005543,2.4861265,200,66.952,64.0
amazon,test,720,official_O,128,0.05821163314034008,0.0588620527510416,0.08192689701204013,0.00140609786704267,3.140332,200,140.572,128.0
amazon,test,720,official_O,256,0.02039056927426819,0.019731097774691102,0.0320419667338791,0.0006183275807992685,4.5002085,200,311.284,256.0
amazon,test,720,official_O,512,0.004709005299076263,0.004602850069247126,0.007509175735688281,0.00013719853087468188,8.418282,200,794.39,512.0
amazon,test,720,official_T,32,0.19179385054554168,0.18671941285335492,0.2908865455774756,0.006731774043631577,1.2288225,200,32.302,32.0
amazon,test,720,official_T,64,0.12753542539214352,0.11715762980433611,0.19087512198226153,0.00574280352927349,1.374136,200,65.18,64.0
amazon,test,720,official_T,128,0.07270177106936214,0.0670292755745189,0.10346671095771738,0.004916666261600596,1.640829,200,133.156,128.0
amazon,test,720,official_T,256,0.04302819334501632,0.037770125297433205,0.051653384527626384,0.005808329559402549,2.171635,200,276.89,256.0
amazon,test,720,official_T,512,0.018480008485943354,0.0146843509111803,0.022842172007504623,0.0032624863312315684,3.5325185,200,599.366,512.0
amazon,test,720,projected_current,32,0.1723340023596204,0.1727983927514678,0.26538880050591634,0.004798196817837548,0.749902,200,32.0,32.0
amazon,test,720,projected_current,64,0.11358818015391396,0.1108369586466863,0.17400744763673878,0.003254196699153337,1.087627,200,64.0,64.0
amazon,test,720,projected_current,128,0.06763445121386814,0.0665611716348477,0.1036922306514683,0.0019496404768734694,1.80976,200,128.0,128.0
amazon,test,720,projected_current,256,0.03494131004400398,0.0336086318097409,0.05374597859005976,0.001064005210247351,3.422781,200,256.0,256.0
amazon,test,720,projected_current,512,0.012603133342347757,0.012061537709670403,0.019877960642815443,0.000425785218605375,19.8915455,200,512.0,512.0
amazon,test,720,projected_fast,32,0.17400117280519878,0.16869954929081232,0.270202960607334,0.005234588499782692,0.782635,200,32.0,32.0
amazon,test,720,projected_fast,64,0.11389477447447391,0.11364481109015662,0.16883227822350633,0.0032850531072416787,1.12133,200,64.0,64.0
amazon,test,720,projected_fast,128,0.06791241427766537,0.0667036964899917,0.10232098418845278,0.0020844442167680887,1.8435355,200,128.0,128.0
amazon,test,720,projected_fast,256,0.035672931400656915,0.033888469824716105,0.056294439003230584,0.0010807537444577945,3.4716915,200,256.0,256.0
amazon,test,720,projected_fast,512,0.012826110660690098,0.0126437153422217,0.021554948696105962,0.0004245385446789695,19.8889195,200,512.0,512.0
amazon,test,720,uniform_mc,32,0.2539216220381336,0.20234937428330352,0.34545685043505314,0.024725729988750396,0.420678,200,32.0,32.0
amazon,test,720,uniform_mc,64,0.20754059612339493,0.14012198195988623,0.27292919735912613,0.02355820748087436,0.7689895,200,64.0,64.0
amazon,test,720,uniform_mc,128,0.14773525773376023,0.09287532034409801,0.17961967189873665,0.01860833219633237,1.4878335,200,128.0,128.0
amazon,test,720,uniform_mc,256,0.10827364730387959,0.060175080997118505,0.0966188885968159,0.01727820308110178,3.1317125,200,256.0,256.0
amazon,test,720,uniform_mc,512,0.04751474073214367,0.027225149789387802,0.050531834100829315,0.0064348787145676435,19.4284685,200,512.0,512.0
cifar10,test,1800,ann_E_multi,32,0.25920749144786653,0.2521899808434052,0.37370036512530863,0.006354282374719803,1.852112,200,32.0,32.0
cifar10,test,1800,ann_E_multi,64,0.13909900670091832,0.13550451636747823,0.20144150821143086,0.0033491168599771074,1.9761155,200,64.0,64.0
cifar10,test,1800,ann_E_multi,128,0.06658486107968704,0.0637408563980152,0.09938800185718853,0.0015882092035675967,2.102178,200,128.0,128.0
cifar10,test,1800,ann_E_multi,256,0.028120457496142847,0.027394984195278603,0.04424729255414792,0.0008022582544478312,2.578878,200,256.0,256.0
cifar10,test,1800,ann_E_multi,512,0.008915968735236908,0.0087183388797801,0.014787232838021903,0.00031264390750935627,3.480822,200,512.0,512.0
cifar10,test,1800,ann_E_single,32,0.36899981839719986,0.3614070996836766,0.5448291638373833,0.009601747120281563,1.5849745,200,32.0,32.0
cifar10,test,1800,ann_E_single,64,0.20706682396298404,0.20363416082792463,0.2784444149324312,0.004323248279569488,1.714788,200,64.0,64.0
cifar10,test,1800,ann_E_single,128,0.10007787275257556,0.09705534270818561,0.14545032033520083,0.0024778364713581007,1.8338175,200,128.0,128.0
cifar10,test,1800,ann_E_single,256,0.041967580260528034,0.0420958185281755,0.06483450565222013,0.0012264717928249305,2.2903615,200,256.0,256.0
cifar10,test,1800,ann_E_single,512,0.012733092537355656,0.012240658702694302,0.02119639104407972,0.0004618228569218164,3.1829165,200,512.0,512.0
cifar10,test,1800,ann_T_multi,32,0.2940896357679439,0.2446411128906068,0.48071433900083094,0.012889421909942167,0.7396725,200,32.0,32.0
cifar10,test,1800,ann_T_multi,64,0.20634909245468136,0.182526310408213,0.33995421848526336,0.007601318050524157,0.835556,200,64.0,64.0
cifar10,test,1800,ann_T_multi,128,0.14344798005068468,0.12451207261715891,0.24701768556334278,0.005248330961169235,1.0009845,200,128.0,128.0
cifar10,test,1800,ann_T_multi,256,0.10209654552536733,0.09049754692618692,0.17279221769514666,0.0040715247771531595,1.359391,200,256.0,256.0
cifar10,test,1800,ann_T_multi,512,0.06103548894248359,0.0574305356142826,0.09185262388015064,0.0021229174865581802,2.167742,200,512.0,512.0
cifar10,test,1800,ann_T_single,32,0.38990161516128696,0.36921491919075267,0.5987292036699366,0.011572865631950044,0.447383,200,32.0,32.0
cifar10,test,1800,ann_T_single,64,0.2882065057428226,0.25924191253098094,0.46550868007821244,0.010002262554865181,0.555866,200,64.0,64.0
cifar10,test,1800,ann_T_single,128,0.18123217632189625,0.1717134092587686,0.25724394211900214,0.005035681838787315,0.725907,200,128.0,128.0
cifar10,test,1800,ann_T_single,256,0.1266616134685227,0.11931956330806391,0.19403039094900684,0.0036360215441058525,1.068884,200,256.0,256.0
cifar10,test,1800,ann_T_single,512,0.08053602689042616,0.07329401491498871,0.12942052544953025,0.0026201690236908473,1.864744,200,512.0,512.0
cifar10,test,1800,exact,32,0.0,0.0,0.0,0.0,2.787868,200,1800.0,1800.0
cifar10,test,1800,exact,64,0.0,0.0,0.0,0.0,2.730641,200,1800.0,1800.0
cifar10,test,1800,exact,128,0.0,0.0,0.0,0.0,2.435951,200,1800.0,1800.0
cifar10,test,1800,exact,256,0.0,0.0,0.0,0.0,2.3957755,200,1800.0,1800.0
cifar10,test,1800,exact,512,0.0,0.0,0.0,0.0,2.334655,200,1800.0,1800.0
cifar10,test,1800,exact_annular,32,0.17543404813837413,0.15086346275159812,0.2978180674278159,0.0068615646864696915,3.0389985,200,32.0,32.0
cifar10,test,1800,exact_annular,64,0.12979950783691346,0.11823530504125232,0.22358628569409017,0.004422977414244402,2.9963355,200,64.0,64.0
cifar10,test,1800,exact_annular,128,0.09431232483717966,0.084128975462363,0.15395774661258158,0.0034973286057304338,2.695552,200,128.0,128.0
cifar10,test,1800,exact_annular,256,0.06602088606840222,0.060973465275412905,0.1081641065788805,0.00229473467464423,2.6672695,200,256.0,256.0
cifar10,test,1800,exact_annular,512,0.04404600097422495,0.03976312524208141,0.0735011556959702,0.001728285262845752,2.627073,200,512.0,512.0
cifar10,test,1800,official_E,32,0.38690870986055687,0.36782920655281726,0.5920932935010661,0.010481102518615277,1.3785685,200,32.28,32.0
cifar10,test,1800,official_E,64,0.21539246330581371,0.2085735500593626,0.3038976004636372,0.005141836494230528,1.4657365,200,65.17,64.0
cifar10,test,1800,official_E,128,0.10427094957848139,0.09999700344832951,0.15304531966523585,0.0025966541420204357,1.5132745,200,132.67,128.0
cifar10,test,1800,official_E,256,0.04343674848422329,0.042678312126359204,0.06662657098073099,0.0012308933512293525,1.8268135,200,275.588,256.0
cifar10,test,1800,official_E,512,0.012996411642284846,0.012800488661237302,0.020597674980921958,0.0004489882041912171,2.5009775,200,596.808,512.0
cifar10,test,1800,official_O,32,0.37799271360760417,0.36874609627343613,0.5634382405867039,0.010388739256415654,0.48396,200,32.18,32.0
cifar10,test,1800,official_O,64,0.21948919429424155,0.2053910990300531,0.33265280968218763,0.005554879578466381,0.5334225,200,64.806,64.0
cifar10,test,1800,official_O,128,0.12930651714391883,0.12557925757273258,0.19323834900644843,0.0034464443061653287,0.544992,200,131.502,128.0
cifar10,test,1800,official_O,256,0.08183034329817372,0.0735360620684234,0.12996209098972056,0.002618465310165012,0.6788935,200,269.978,256.0
cifar10,test,1800,official_O,512,0.045100527317388686,0.041570771740577606,0.07513689782506595,0.0015385153516724174,0.9986735,200,570.74,512.0
cifar10,test,1800,official_T,32,0.39744988420614574,0.35690840377617683,0.6569846650707476,0.012895844983518848,0.2129045,200,32.132,32.0
cifar10,test,1800,official_T,64,0.2672848100914168,0.24959038446035392,0.4212613638011507,0.008266156909894958,0.241034,200,64.462,64.0
cifar10,test,1800,official_T,128,0.17852524999370079,0.1698846959173815,0.2674478555619736,0.004903921929695385,0.272966,200,129.968,127.95
cifar10,test,1800,official_T,256,0.11556628129908536,0.1074675093585906,0.17828414547329074,0.0039004037045339847,0.3637535,200,263.355,255.515
cifar10,test,1800,official_T,512,0.07262779771077259,0.06790448840874622,0.10885138640170584,0.002533827429035745,0.579822,200,536.681,506.645
cifar10,test,1800,projected_current,32,0.2952369295637234,0.2797475919285842,0.4594449941363116,0.009334146314713703,0.4944985,200,32.0,32.0
cifar10,test,1800,projected_current,64,0.1892104283787959,0.1733004656749736,0.2881935744078873,0.006500878624651775,0.5939205,200,64.0,64.0
cifar10,test,1800,projected_current,128,0.11239368781111596,0.10498862353884011,0.17812511695797448,0.003480672653746554,0.7628405,200,128.0,128.0
cifar10,test,1800,projected_current,256,0.05901796423612486,0.059133057907268805,0.08263875451556335,0.001382888004712676,1.1212145,200,256.0,256.0
cifar10,test,1800,projected_current,512,0.0251756164878303,0.0242180155444244,0.0377357412802399,0.0007720966138822336,1.9097415,200,512.0,512.0
cifar10,test,1800,projected_fast,32,0.2913691235915201,0.2591190443733811,0.4470137883432006,0.009664921310847325,0.4934285,200,32.0,32.0
cifar10,test,1800,projected_fast,64,0.18730860355826054,0.1717736399579072,0.2906832246108702,0.005826953937007957,0.595992,200,64.0,64.0
cifar10,test,1800,projected_fast,128,0.10805062143655052,0.10048398954445742,0.16267579440594931,0.0032173483140292207,0.7636185,200,128.0,128.0
cifar10,test,1800,projected_fast,256,0.05850950758135401,0.05600569329997511,0.08649806388931282,0.0014124870193292078,1.1259195,200,256.0,256.0
cifar10,test,1800,projected_fast,512,0.025870774875900827,0.0249962095590888,0.04013482579787433,0.0007374817514545519,1.911475,200,512.0,512.0
cifar10,test,1800,uniform_mc,32,0.4215629192383016,0.3702352929238011,0.622878715968253,0.020636626942799188,0.2072965,200,32.0,32.0
cifar10,test,1800,uniform_mc,64,0.31154236787073974,0.27549510422588497,0.5040658969020693,0.0103524701277537,0.3061635,200,64.0,64.0
cifar10,test,1800,uniform_mc,128,0.21989822126496336,0.2031592572062765,0.341423513851771,0.007698124441483369,0.4796475,200,128.0,128.0
cifar10,test,1800,uniform_mc,256,0.1528984581660567,0.13705958981414224,0.2583267381608567,0.0052665441630029885,0.8394055,200,256.0,256.0
cifar10,test,1800,uniform_mc,512,0.09964092633356365,0.0877210875905382,0.17446994355315007,0.0039308472207383515,1.6232905,200,512.0,512.0
isolet,test,1800,ann_E_multi,32,0.28074409304570774,0.2739149206306599,0.4354669866800459,0.008205782453943216,0.5527355,200,32.0,32.0
isolet,test,1800,ann_E_multi,64,0.14021803616629785,0.135563649980021,0.21098354735529176,0.0038664876079625558,0.570079,200,64.0,64.0
isolet,test,1800,ann_E_multi,128,0.05599998053109191,0.0518221010456293,0.09345884639032687,0.001813661095560994,0.618594,200,128.0,128.0
isolet,test,1800,ann_E_multi,256,0.027692884094785666,0.025280864851001804,0.04693332682343979,0.0012078765229526054,0.7062995,200,256.0,256.0
isolet,test,1800,ann_E_multi,512,0.011927718237425665,0.009557030273775802,0.02208384606534168,0.0007822863956814687,0.9207755,200,512.0,512.0
isolet,test,1800,ann_E_single,32,0.38369534233439934,0.36208007610235093,0.5935149199137975,0.012883336868714646,0.3167055,200,32.0,32.0
isolet,test,1800,ann_E_single,64,0.19126657446858225,0.18413963870544953,0.30055026026636866,0.005982106106070686,0.336235,200,64.0,64.0
isolet,test,1800,ann_E_single,128,0.08077749392058861,0.07694763640140881,0.13227847934811351,0.002912305680406125,0.381626,200,128.0,128.0
isolet,test,1800,ann_E_single,256,0.03591782612500164,0.0326893555394393,0.06257332287861038,0.0015824690578351572,0.466238,200,256.0,256.0
isolet,test,1800,ann_E_single,512,0.014241843205711318,0.011272718908257,0.027369500059695837,0.0007758298936192361,0.6763425,200,512.0,512.0
isolet,test,1800,ann_T_multi,32,0.3424927274695107,0.2803945387208017,0.5760782725048282,0.013992557897579527,0.5144985,200,32.0,32.0
isolet,test,1800,ann_T_multi,64,0.21082298717269554,0.18847818692457913,0.3498254666964415,0.007021853345005433,0.516893,200,64.0,64.0
isolet,test,1800,ann_T_multi,128,0.1144491958753358,0.1060036867395471,0.17688341902899885,0.003817653729342993,0.5669175,200,128.0,128.0
isolet,test,1800,ann_T_multi,256,0.058202537313765734,0.0549287079174453,0.09153850871493253,0.0016802772254745797,0.6535885,200,256.0,256.0
isolet,test,1800,ann_T_multi,512,0.0287659696120309,0.024806651167077302,0.0511866665813831,0.0012674293245205864,0.8360245,200,512.0,512.0
isolet,test,1800,ann_T_single,32,0.43989950401854266,0.40760740230317105,0.6517497882525299,0.013629498928888132,0.2628275,200,32.0,32.0
isolet,test,1800,ann_T_single,64,0.2646520935357012,0.25704361532029363,0.3903411671610938,0.007072229785579052,0.2827885,200,64.0,64.0
isolet,test,1800,ann_T_single,128,0.14493462413892785,0.1413101060170345,0.21088492510128842,0.004244859535523161,0.329166,200,128.0,128.0
isolet,test,1800,ann_T_single,256,0.0759053285143855,0.07180874167379281,0.11795975474715929,0.0024719947485591838,0.414194,200,256.0,256.0
isolet,test,1800,ann_T_single,512,0.037564099608032316,0.034625471337984506,0.06122780609232518,0.0013811074283160553,0.591144,200,512.0,512.0
isolet,test,1800,exact,32,0.0,0.0,0.0,0.0,0.42352,200,1800.0,1800.0
isolet,test,1800,exact,64,0.0,0.0,0.0,0.0,0.4222085,200,1800.0,1800.0
isolet,test,1800,exact,128,0.0,0.0,0.0,0.0,0.4228905,200,1800.0,1800.0
isolet,test,1800,exact,256,0.0,0.0,0.0,0.0,0.422167,200,1800.0,1800.0
isolet,test,1800,exact,512,0.0,0.0,0.0,0.0,0.4359995,200,1800.0,1800.0
isolet,test,1800,exact_annular,32,0.18346670297981027,0.1695786841233714,0.29447808077384974,0.005707893800510847,0.654774,200,32.0,32.0
isolet,test,1800,exact_annular,64,0.14337088156801248,0.1316488843109645,0.23805111112393612,0.005303072879153231,0.6529255,200,64.0,64.0
isolet,test,1800,exact_annular,128,0.1131183826745163,0.10357692315192452,0.1776532199386159,0.0038631845480615714,0.656011,200,128.0,128.0
isolet,test,1800,exact_annular,256,0.07529528348712836,0.06883293642352091,0.1191727075888294,0.002872392342237995,0.6597905,200,256.0,256.0
isolet,test,1800,exact_annular,512,0.05213405201189332,0.0472502890184643,0.08438692924619225,0.0021075060474021407,0.6875305,200,512.0,512.0
isolet,test,1800,official_E,32,0.37577723759969023,0.3488451431741235,0.5789138188364834,0.011529863713583968,0.151838,200,32.296,32.0
isolet,test,1800,official_E,64,0.18418611484563852,0.1776706965283713,0.277261035681919,0.0054836289820067476,0.16499,200,65.216,64.0
isolet,test,1800,official_E,128,0.08255894413797904,0.08129409638667182,0.1259680863531233,0.0025811292522409106,0.1947515,200,132.81,128.0
isolet,test,1800,official_E,256,0.03545685607029135,0.032118656943394996,0.06010648752571066,0.0014430380399495016,0.249094,200,275.46,256.0
isolet,test,1800,official_E,512,0.014977258075988183,0.0132021027440626,0.026911170767962175,0.0007767617794809509,0.388809,200,596.136,511.69
isolet,test,1800,official_O,32,0.370566639683495,0.3559820126518761,0.555789873164991,0.010642700210800937,0.138913,200,32.294,32.0
isolet,test,1800,official_O,64,0.19020908093126607,0.1845152596955202,0.2832228533569566,0.005410149991743083,0.1529755,200,65.24,64.0
isolet,test,1800,official_O,128,0.08787491308087411,0.08135250754205192,0.13917175845929175,0.003016803175022389,0.181373,200,132.563,127.775
isolet,test,1800,official_O,256,0.046385753143456325,0.0420986844785195,0.08151879703478221,0.0020395802536935315,0.2353345,200,273.498,254.32
isolet,test,1800,official_O,512,0.02620149530503511,0.0237597001798805,0.04922868549337758,0.001378577838828986,0.3676055,200,560.36,485.22
isolet,test,1800,official_T,32,0.4406599481268029,0.4200236605659662,0.6964272157869624,0.0140770907873915,0.105071,200,32.098,32.0
isolet,test,1800,official_T,64,0.26772576885888233,0.23907081445727701,0.44159330176874856,0.009236221472290225,0.107166,200,64.512,64.0
isolet,test,1800,official_T,128,0.1446986788276576,0.1364024791913075,0.21595858094353132,0.003978771306553787,0.1211815,200,129.906,128.0
isolet,test,1800,official_T,256,0.07142086558193399,0.06745282316650571,0.11058352492913402,0.002322637008026429,0.142374,200,263.728,255.86
isolet,test,1800,official_T,512,0.03612958771251911,0.0338937829203519,0.05947240495319282,0.001334612478231631,0.195783,200,542.939,510.675
isolet,test,1800,projected_current,32,0.3520774874551559,0.31453665743328085,0.5604942537876763,0.014206770391489383,0.35795,200,32.0,32.0
isolet,test,1800,projected_current,64,0.2099214721277886,0.1941305704187951,0.33016591263713135,0.006847220700885225,0.376077,200,64.0,64.0
isolet,test,1800,projected_current,128,0.11002685105252322,0.1077793739431621,0.1694820084103943,0.003121366767311392,0.4230125,200,128.0,128.0
isolet,test,1800,projected_current,256,0.05296409700632076,0.052255841894627106,0.08127532719701062,0.0016211628164141151,0.506856,200,256.0,256.0
isolet,test,1800,projected_current,512,0.022004976421734757,0.02093289339592126,0.03642037483006212,0.0007500898164437789,0.6801845,200,512.0,512.0
isolet,test,1800,projected_fast,32,0.35786655034049647,0.30976151725940326,0.5645897107372085,0.014476679596159496,0.3575905,200,32.0,32.0
isolet,test,1800,projected_fast,64,0.2121106272358483,0.2034574154547784,0.3338351278731502,0.006503618124474473,0.374852,200,64.0,64.0
isolet,test,1800,projected_fast,128,0.10964295617365295,0.100721011414704,0.17898276903124005,0.0035735503841352605,0.4248345,200,128.0,128.0
isolet,test,1800,projected_fast,256,0.05310165557619848,0.052499008058304306,0.08151080054874782,0.0016074055519396519,0.5092825,200,256.0,256.0
isolet,test,1800,projected_fast,512,0.02247410318599653,0.021160621859152004,0.036186444595566386,0.0008081161276803906,0.684386,200,512.0,512.0
isolet,test,1800,uniform_mc,32,0.565507943679159,0.486687861542868,0.9801425923742193,0.02445482742161036,0.1135465,200,32.0,32.0
isolet,test,1800,uniform_mc,64,0.4390715091617489,0.3425103904096643,0.7090363794938334,0.026676537170594657,0.129294,200,64.0,64.0
isolet,test,1800,uniform_mc,128,0.30723561330817245,0.2542471282498714,0.5610627344916242,0.014456740209889607,0.1685995,200,128.0,128.0
isolet,test,1800,uniform_mc,256,0.22681868305275368,0.1879724139780759,0.34526145144980575,0.012067154749716424,0.249692,200,256.0,256.0
isolet,test,1800,uniform_mc,512,0.13929387887583164,0.11919257978422301,0.22395225238443878,0.006648890720026103,0.4122505,200,512.0,512.0
cifar10_gist512,test,1800,ann_E_multi,32,0.21798084982606825,0.2077879986495321,0.31885593930251743,0.00658370933441027,0.6180545,200,32.0,32.0
cifar10_gist512,test,1800,ann_E_multi,64,0.13313457328976727,0.1265324723006817,0.1963244705412458,0.003769012710935905,0.63751,200,64.0,64.0
cifar10_gist512,test,1800,ann_E_multi,128,0.07670521139554211,0.0722576969054121,0.11743068596621317,0.002095846009705779,0.6813095,200,128.0,128.0
cifar10_gist512,test,1800,ann_E_multi,256,0.038668678191845315,0.036413244839595404,0.05638672648398359,0.0009075635888920628,0.7847205,200,256.0,256.0
cifar10_gist512,test,1800,ann_E_multi,512,0.017021433424830888,0.016950156397790402,0.025363928094489837,0.00044751537239592844,0.913597,200,512.0,512.0
cifar10_gist512,test,1800,ann_E_single,32,0.2843344932744077,0.25812090259869164,0.4505013168320853,0.008247051026936352,0.400088,200,32.0,32.0
cifar10_gist512,test,1800,ann_E_single,64,0.1743689151016756,0.1710963804679636,0.24753367381647307,0.004398084561174266,0.4170335,200,64.0,64.0
cifar10_gist512,test,1800,ann_E_single,128,0.10072805247737154,0.0974158549060598,0.14109486922546746,0.0025667558466290303,0.4596365,200,128.0,128.0
cifar10_gist512,test,1800,ann_E_single,256,0.05268234368992732,0.05109258916235881,0.07776529361014337,0.0012951851030911356,0.548809,200,256.0,256.0
cifar10_gist512,test,1800,ann_E_single,512,0.02331503458137778,0.022535077325972,0.03199091333312994,0.000577621750477023,0.6789745,200,512.0,512.0
cifar10_gist512,test,1800,ann_T_multi,32,0.2338284736257063,0.214508954068161,0.3897247797102588,0.008058692265489302,0.4698295,200,32.0,32.0
cifar10_gist512,test,1800,ann_T_multi,64,0.16735014966068576,0.14826285995602792,0.27234775103421927,0.005793422584655952,0.479907,200,64.0,64.0
cifar10_gist512,test,1800,ann_T_multi,128,0.11382982540250162,0.10020799108419802,0.1814149673641927,0.00429436965023577,0.529303,200,128.0,128.0
cifar10_gist512,test,1800,ann_T_multi,256,0.07441235723292529,0.06753119845942451,0.1194772074283417,0.0025412097893418514,0.6253775,200,256.0,256.0
cifar10_gist512,test,1800,ann_T_multi,512,0.05090643992574125,0.042384070102149105,0.08441327325376773,0.002192101204111128,0.7545555,200,512.0,512.0
cifar10_gist512,test,1800,ann_T_single,32,0.2954481084881798,0.24603964258027602,0.46808958091283287,0.012004186662276005,0.236826,200,32.0,32.0
cifar10_gist512,test,1800,ann_T_single,64,0.2171345370470122,0.1926907148077847,0.3355277373996443,0.007317323185849957,0.2586205,200,64.0,64.0
cifar10_gist512,test,1800,ann_T_single,128,0.1401500568551952,0.1346472869281051,0.20563974052514217,0.004423524010216545,0.302566,200,128.0,128.0
cifar10_gist512,test,1800,ann_T_single,256,0.0947922468176894,0.08426465138144279,0.15240705050832032,0.0036765234357760295,0.38974,200,256.0,256.0
cifar10_gist512,test,1800,ann_T_single,512,0.05894959012948911,0.0547732959634068,0.0915323798627634,0.0022791500149441203,0.514693,200,512.0,512.0
cifar10_gist512,test,1800,exact,32,0.0,0.0,0.0,0.0,0.385602,200,1800.0,1800.0
cifar10_gist512,test,1800,exact,64,0.0,0.0,0.0,0.0,0.3808465,200,1800.0,1800.0
cifar10_gist512,test,1800,exact,128,0.0,0.0,0.0,0.0,0.38194,200,1800.0,1800.0
cifar10_gist512,test,1800,exact,256,0.0,0.0,0.0,0.0,0.3841245,200,1800.0,1800.0
cifar10_gist512,test,1800,exact,512,0.0,0.0,0.0,0.0,0.383094,200,1800.0,1800.0
cifar10_gist512,test,1800,exact_annular,32,0.14142611577586892,0.1381113113277329,0.21429903304029577,0.003943338482044872,0.5846375,200,32.0,32.0
cifar10_gist512,test,1800,exact_annular,64,0.10742550133722986,0.09726671084121491,0.1731463739114188,0.003168058473141987,0.58505,200,64.0,64.0
cifar10_gist512,test,1800,exact_annular,128,0.07702383137398665,0.07101702973205741,0.11810356763309002,0.0022997948254179544,0.5938255,200,128.0,128.0
cifar10_gist512,test,1800,exact_annular,256,0.050620234233178824,0.0467978234533704,0.07957860696927249,0.0017692195553160716,0.6068465,200,256.0,256.0
cifar10_gist512,test,1800,exact_annular,512,0.03305077879838998,0.0289212695665405,0.054325386279976864,0.0012231247118197235,0.6112555,200,512.0,512.0
cifar10_gist512,test,1800,official_E,32,0.27873844223270017,0.2622244702992701,0.41901603036393076,0.0077346889983991255,0.2316245,200,32.254,32.0
cifar10_gist512,test,1800,official_E,64,0.17321060866443477,0.162524893364844,0.25182933706350463,0.004845300881604317,0.238705,200,64.866,64.0
cifar10_gist512,test,1800,official_E,128,0.10311361439274953,0.0997408714772465,0.14925279165053756,0.0025520295512255708,0.259153,200,131.582,128.0
cifar10_gist512,test,1800,official_E,256,0.05282687237267775,0.05179397294853691,0.07733842139509281,0.0013711220469770705,0.292426,200,270.4,256.0
cifar10_gist512,test,1800,official_E,512,0.02243317891195563,0.021255179530939798,0.0339924770175301,0.0005833889987981216,0.3421565,200,570.414,512.0
cifar10_gist512,test,1800,official_O,32,0.29091432846695325,0.26435858020613684,0.4312909492922144,0.008245967464245437,0.110939,200,32.24,32.0
cifar10_gist512,test,1800,official_O,64,0.18691702717504743,0.17657706741483623,0.27740512977463944,0.005401911630279034,0.1195785,200,64.838,64.0
cifar10_gist512,test,1800,official_O,128,0.12186361235275812,0.1131692214527237,0.16901367856436772,0.004182722851763248,0.1433545,200,131.542,128.0
cifar10_gist512,test,1800,official_O,256,0.06801901522893704,0.0621309423609937,0.10425075146812272,0.0019781860651975824,0.1746925,200,270.316,256.0
cifar10_gist512,test,1800,official_O,512,0.040352456277959414,0.0369075606572061,0.06497467534737167,0.0015244356758235442,0.2274145,200,570.781,511.915
cifar10_gist512,test,1800,official_T,32,0.29928825249737206,0.2744532744791947,0.45146495109946083,0.01039885736394879,0.0854665,200,32.11,32.0
cifar10_gist512,test,1800,official_T,64,0.21321814465185246,0.17393675923991261,0.34952675701459973,0.009447132704691667,0.0924255,200,64.468,64.0
cifar10_gist512,test,1800,official_T,128,0.14284449781416114,0.13672196542396492,0.208762440137,0.004471881564413273,0.1068435,200,129.924,128.0
cifar10_gist512,test,1800,official_T,256,0.09915152150821684,0.0868938018987045,0.1549697018120577,0.004201316400033154,0.1276655,200,264.04,255.91
cifar10_gist512,test,1800,official_T,512,0.05949073592247509,0.05285926820591551,0.08899994995176398,0.0021160742340289927,0.156999,200,535.733,506.065
cifar10_gist512,test,1800,projected_current,32,0.25326871911630183,0.2370826725281181,0.3901464474828197,0.00805379206321481,0.333309,200,32.0,32.0
cifar10_gist512,test,1800,projected_current,64,0.16858959953058064,0.1531741514676565,0.26320501386870965,0.0055785068613679245,0.355066,200,64.0,64.0
cifar10_gist512,test,1800,projected_current,128,0.10549423475421994,0.0981202190855126,0.1677601585608173,0.0032070453360474134,0.400343,200,128.0,128.0
cifar10_gist512,test,1800,projected_current,256,0.06324759441452804,0.0594829781761659,0.09805708291786708,0.0018880174108455118,0.4903985,200,256.0,256.0
cifar10_gist512,test,1800,projected_current,512,0.032704440714113305,0.030656123345812,0.049017412422481824,0.0009679772017722637,0.6081155,200,512.0,512.0
cifar10_gist512,test,1800,projected_fast,32,0.24729235592115834,0.2164179261187413,0.40666915577260626,0.008319383096033186,0.3357325,200,32.0,32.0
cifar10_gist512,test,1800,projected_fast,64,0.16481148294971604,0.1527536794920565,0.24274784314013625,0.004865301855281533,0.357648,200,64.0,64.0
cifar10_gist512,test,1800,projected_fast,128,0.10982759938326479,0.10629147597890709,0.17112487023184503,0.003152731965692157,0.4033555,200,128.0,128.0
cifar10_gist512,test,1800,projected_fast,256,0.06464755794310514,0.06089842421621511,0.0985162760109977,0.0023130029926635553,0.494461,200,256.0,256.0
cifar10_gist512,test,1800,projected_fast,512,0.031013627653907205,0.0291465404747159,0.04972061201235852,0.001030294922938657,0.611166,200,512.0,512.0
cifar10_gist512,test,1800,uniform_mc,32,0.3211293743494892,0.28841323382774314,0.4862326751348879,0.01337348645903704,0.1068585,200,32.0,32.0
cifar10_gist512,test,1800,uniform_mc,64,0.23920853944676865,0.20233426893512912,0.359762504997556,0.01136264669317378,0.122424,200,64.0,64.0
cifar10_gist512,test,1800,uniform_mc,128,0.15890221416472256,0.13657655970014032,0.26187034650221747,0.006112075855198907,0.1587845,200,128.0,128.0
cifar10_gist512,test,1800,uniform_mc,256,0.1157266829742556,0.1023148387084227,0.1865886908113126,0.0047805259674338395,0.2357515,200,256.0,256.0
cifar10_gist512,test,1800,uniform_mc,512,0.07831226983475985,0.0623476297323291,0.12504474815060387,0.0037226553452154427,0.3478135,200,512.0,512.0
cifar10,audit,1800,ann_E_multi,32,0.2672760404327545,0.26658195225935677,0.388890445387216,0.006523007854851427,1.881866,200,32.0,32.0
cifar10,audit,1800,ann_E_multi,64,0.1460899620855586,0.1398659918709979,0.22050146019208683,0.003765816259094096,1.8755705,200,64.0,64.0
cifar10,audit,1800,ann_E_multi,128,0.0654091058042797,0.061470439704758115,0.10033537966145079,0.0017655783097437205,2.1070815,200,128.0,128.0
cifar10,audit,1800,ann_E_multi,256,0.02778893061056528,0.026530933958522303,0.04517449848107952,0.0008635907858872655,2.5821795,200,256.0,256.0
cifar10,audit,1800,ann_E_multi,512,0.00827529906108294,0.0076604583573705,0.01411486739174758,0.0003024742328509806,3.475491,200,512.0,512.0
cifar10,audit,1800,ann_E_single,32,0.3575487530028883,0.35036136393798845,0.510617871639864,0.009486731320072422,1.6169105,200,32.0,32.0
cifar10,audit,1800,ann_E_single,64,0.204883470928732,0.19989937440041844,0.30271189872938714,0.005287167557925215,1.5773945,200,64.0,64.0
cifar10,audit,1800,ann_E_single,128,0.10365734562538234,0.101988469916238,0.15490691249457522,0.0028953563122470975,1.8272565,200,128.0,128.0
cifar10,audit,1800,ann_E_single,256,0.042492605207421624,0.038853232927062706,0.06644951788747182,0.0012929854635172287,2.297343,200,256.0,256.0
cifar10,audit,1800,ann_E_single,512,0.012144455329098162,0.011449259609889701,0.02018002392223836,0.00043135995456020505,3.173721,200,512.0,512.0
cifar10,audit,1800,ann_T_multi,32,0.28905943544285634,0.2592183245095933,0.4633995775769076,0.010190956509307722,0.7356785,200,32.0,32.0
cifar10,audit,1800,ann_T_multi,64,0.21987652973168392,0.18584420939771368,0.38113997806404176,0.008784847293307462,0.8042705,200,64.0,64.0
cifar10,audit,1800,ann_T_multi,128,0.14755409730535246,0.1370979927603313,0.24323358296803602,0.005061246738002069,0.986575,200,128.0,128.0
cifar10,audit,1800,ann_T_multi,256,0.09429415103580396,0.0875906723383284,0.14091241887331962,0.0033876492780405445,1.336296,200,256.0,256.0
cifar10,audit,1800,ann_T_multi,512,0.06511013886186151,0.0575419293914656,0.10905768551686035,0.002384363542053508,2.1376475,200,512.0,512.0
cifar10,audit,1800,ann_T_single,32,0.4028758806692894,0.35775514869224534,0.6612497635670851,0.013996876032427276,0.449008,200,32.0,32.0
cifar10,audit,1800,ann_T_single,64,0.27765305211667296,0.2642034445581296,0.4089693189385983,0.00767731877733069,0.5179995,200,64.0,64.0
cifar10,audit,1800,ann_T_single,128,0.19305441156491931,0.17770301199242022,0.28667089638560733,0.006692062801387335,0.7034485,200,128.0,128.0
cifar10,audit,1800,ann_T_single,256,0.12420474049345835,0.11626820816772201,0.19066032606506594,0.003795955445553197,1.0481255,200,256.0,256.0
cifar10,audit,1800,ann_T_single,512,0.08010556912449544,0.0728739443838116,0.1266693355475031,0.002523154361115403,1.8209715,200,512.0,512.0
cifar10,audit,1800,exact,32,0.0,0.0,0.0,0.0,2.7636765,200,1800.0,1800.0
cifar10,audit,1800,exact,64,0.0,0.0,0.0,0.0,2.3217545,200,1800.0,1800.0
cifar10,audit,1800,exact,128,0.0,0.0,0.0,0.0,2.332385,200,1800.0,1800.0
cifar10,audit,1800,exact,256,0.0,0.0,0.0,0.0,2.3733385,200,1800.0,1800.0
cifar10,audit,1800,exact,512,0.0,0.0,0.0,0.0,2.3325605,200,1800.0,1800.0
cifar10,audit,1800,exact_annular,32,0.18152453182046838,0.16377079242030881,0.27425065500109586,0.009674018037824377,3.0138665,200,32.0,32.0
cifar10,audit,1800,exact_annular,64,0.12723758667078655,0.11758532342478291,0.19253749441257698,0.004186636144766357,2.573247,200,64.0,64.0
cifar10,audit,1800,exact_annular,128,0.08984881568886717,0.0827627030635367,0.1422613466459596,0.0026762391748605483,2.5885205,200,128.0,128.0
cifar10,audit,1800,exact_annular,256,0.06776184432401383,0.0610200865890002,0.10335692248306995,0.00249551707137784,2.638103,200,256.0,256.0
cifar10,audit,1800,exact_annular,512,0.04258576430225057,0.0385307385076977,0.06725079628768173,0.0015492183429032626,2.6276545,200,512.0,512.0
cifar10,audit,1800,official_E,32,0.3973974969471298,0.36865651468055327,0.5795358248449541,0.011496593619650225,1.4314805,200,32.294,32.0
cifar10,audit,1800,official_E,64,0.20917274985885023,0.20175652889483292,0.30647325667286146,0.005042204681975055,1.341248,200,65.114,64.0
cifar10,audit,1800,official_E,128,0.10178545475393638,0.09651153699602391,0.1558968429915029,0.002707959760850828,1.506673,200,132.558,128.0
cifar10,audit,1800,official_E,256,0.04297444045727876,0.0408965877190446,0.06464500785793201,0.0012065086085924933,1.840719,200,275.7,256.0
cifar10,audit,1800,official_E,512,0.012783298132933647,0.012768786093512202,0.02125550140079164,0.0004509563540334563,2.4981235,200,597.05,512.0
cifar10,audit,1800,official_O,32,0.3652932692909645,0.35187949995469026,0.5360825217433243,0.010546141504346584,0.494781,200,32.198,32.0
cifar10,audit,1800,official_O,64,0.23750444287068512,0.22249481796416173,0.3558326860283076,0.006751257794992932,0.460601,200,64.888,64.0
cifar10,audit,1800,official_O,128,0.13548748289955387,0.12737485378483732,0.20671268265868523,0.0037305859353328245,0.5252125,200,131.382,128.0
cifar10,audit,1800,official_O,256,0.07823981141517065,0.0699986848875771,0.12517337554025001,0.0027776530502802185,0.659258,200,269.994,256.0
cifar10,audit,1800,official_O,512,0.046701371805981606,0.0447256437193463,0.06948681096580275,0.001625401998291619,0.9696095,200,571.09,511.99
cifar10,audit,1800,official_T,32,0.39762601632779576,0.3740052702440011,0.5968962486273393,0.012310109610459542,0.2184455,200,32.132,32.0
cifar10,audit,1800,official_T,64,0.2951718630466838,0.273899942574948,0.43339219706308346,0.008892503556560785,0.2106355,200,64.468,64.0
cifar10,audit,1800,official_T,128,0.18089873527999611,0.1671780393390716,0.26362815427159836,0.0053657789864494905,0.2648665,200,129.761,127.805
cifar10,audit,1800,official_T,256,0.11430691439031214,0.105264103741183,0.1673559769071636,0.003435498663035163,0.356716,200,262.672,254.94
cifar10,audit,1800,official_T,512,0.07961351341814599,0.068650328317301,0.13372400292766726,0.002806455818140008,0.5599415,200,533.658,504.62
cifar10,audit,1800,projected_current,32,0.3029170753414137,0.291908930495452,0.46707948421112805,0.009967329377095366,0.48867,200,32.0,32.0
cifar10,audit,1800,projected_current,64,0.19291452106645934,0.1831829022910864,0.30643955931235256,0.005676405613654623,0.5877745,200,64.0,64.0
cifar10,audit,1800,projected_current,128,0.1159845074998871,0.11183066603978022,0.16337753025172302,0.003174490807569356,0.755633,200,128.0,128.0
cifar10,audit,1800,projected_current,256,0.058286696601876464,0.05448188620213311,0.09268090135983656,0.0017588624473465339,1.107543,200,256.0,256.0
cifar10,audit,1800,projected_current,512,0.026022230179695485,0.024356751971427903,0.039706416055569696,0.0008455600949829244,1.888401,200,512.0,512.0
cifar10,audit,1800,projected_fast,32,0.3125336723773644,0.29696883127525964,0.48383826502442234,0.00999463342583074,0.488746,200,32.0,32.0
cifar10,audit,1800,projected_fast,64,0.19365678058770677,0.1788053067512882,0.293734604669484,0.006075522967550065,0.5870415,200,64.0,64.0
cifar10,audit,1800,projected_fast,128,0.11337852240394625,0.10330468517142533,0.1713546170116215,0.00346690048626601,0.757031,200,128.0,128.0
cifar10,audit,1800,projected_fast,256,0.05706526602557313,0.0533154517723782,0.0849386923040798,0.0016141092311185077,1.1118985,200,256.0,256.0
cifar10,audit,1800,projected_fast,512,0.027108668724909434,0.025411363831552302,0.0424066039161277,0.0008197717322322276,1.8923755,200,512.0,512.0
cifar10,audit,1800,uniform_mc,32,0.42371922038867643,0.36685815434822244,0.6304979320174031,0.015411291095452093,0.211363,200,32.0,32.0
cifar10,audit,1800,uniform_mc,64,0.32339025787381404,0.28819413076099654,0.5310098278729355,0.01180351224408999,0.2912515,200,64.0,64.0
cifar10,audit,1800,uniform_mc,128,0.22211339265072141,0.20588388784941902,0.3311308770908871,0.008285616480803067,0.4687825,200,128.0,128.0
cifar10,audit,1800,uniform_mc,256,0.1541218866706436,0.1347538586186019,0.2481364841196722,0.006336283069657409,0.826563,200,256.0,256.0
cifar10,audit,1800,uniform_mc,512,0.09803076089927817,0.0896902289645414,0.15506168688786995,0.003967008329037427,1.5872115,200,512.0,512.0
isolet,audit,1800,ann_E_multi,32,0.2864469203773522,0.268697051304023,0.4267140810999887,0.008138078788071967,0.565256,200,32.0,32.0
isolet,audit,1800,ann_E_multi,64,0.14177098669655025,0.1404358880787338,0.20731045971369183,0.003499152930033891,0.577396,200,64.0,64.0
isolet,audit,1800,ann_E_multi,128,0.06581059958266376,0.06198756365213791,0.10048877847939568,0.002028299531680806,0.625809,200,128.0,128.0
isolet,audit,1800,ann_E_multi,256,0.025770224387425437,0.023543977479502702,0.042952215312250505,0.0009405687088829034,0.718162,200,256.0,256.0
isolet,audit,1800,ann_E_multi,512,0.010653996815225986,0.009211098352834401,0.02008415659284144,0.0004817307861848539,0.9143145,200,512.0,512.0
isolet,audit,1800,ann_E_single,32,0.3755311421526236,0.36026211674014413,0.5691683471199358,0.010915658686448811,0.3273495,200,32.0,32.0
isolet,audit,1800,ann_E_single,64,0.18610824743665907,0.1792957221510755,0.28032906944883074,0.005260706953877007,0.3400805,200,64.0,64.0
isolet,audit,1800,ann_E_single,128,0.08806945578083672,0.08293392471917241,0.13399546943967452,0.0028146407854952363,0.3865695,200,128.0,128.0
isolet,audit,1800,ann_E_single,256,0.03526577478839019,0.0318306101403963,0.060270276716161385,0.0012948870988683935,0.4721885,200,256.0,256.0
isolet,audit,1800,ann_E_single,512,0.01362485341440827,0.012111964590402601,0.024047332024567585,0.0006219367578806827,0.6694355,200,512.0,512.0
isolet,audit,1800,ann_T_multi,32,0.33110450251287704,0.317984654343862,0.5175786839176238,0.011254882829143158,0.5212685,200,32.0,32.0
isolet,audit,1800,ann_T_multi,64,0.20705182245893933,0.19062147135299412,0.32316769026389147,0.006269313733437345,0.520581,200,64.0,64.0
isolet,audit,1800,ann_T_multi,128,0.11018896558029087,0.1066374411667661,0.1704755819830296,0.0031695253544159227,0.5710355,200,128.0,128.0
isolet,audit,1800,ann_T_multi,256,0.05711655914284241,0.054162749362498805,0.08288213146566827,0.0017231985588263877,0.6593805,200,256.0,256.0
isolet,audit,1800,ann_T_multi,512,0.03107500902516848,0.0279095427944192,0.051367251398075346,0.0013696850618171218,0.8198115,200,512.0,512.0
isolet,audit,1800,ann_T_single,32,0.4271800164362399,0.39320111992960843,0.6866000654535789,0.013411420078613727,0.2670705,200,32.0,32.0
isolet,audit,1800,ann_T_single,64,0.2484510312393059,0.23179788514836963,0.3811166765413635,0.00773628864523776,0.2850185,200,64.0,64.0
isolet,audit,1800,ann_T_single,128,0.14666913415096564,0.1421835442984743,0.21871136745500946,0.0038923698054837254,0.3302545,200,128.0,128.0
isolet,audit,1800,ann_T_single,256,0.07331922648586081,0.06882665379057351,0.11436289260003893,0.0024220148346575836,0.416426,200,256.0,256.0
isolet,audit,1800,ann_T_single,512,0.0378174028554476,0.033201994499761904,0.06257554883523991,0.001408183823298157,0.5748475,200,512.0,512.0
isolet,audit,1800,exact,32,0.0,0.0,0.0,0.0,0.4381775,200,1800.0,1800.0
isolet,audit,1800,exact,64,0.0,0.0,0.0,0.0,0.4247595,200,1800.0,1800.0
isolet,audit,1800,exact,128,0.0,0.0,0.0,0.0,0.430871,200,1800.0,1800.0
isolet,audit,1800,exact,256,0.0,0.0,0.0,0.0,0.423079,200,1800.0,1800.0
isolet,audit,1800,exact,512,0.0,0.0,0.0,0.0,0.423923,200,1800.0,1800.0
isolet,audit,1800,exact_annular,32,0.1733030051552158,0.162465358366435,0.2696172959201961,0.0053454295285524376,0.672249,200,32.0,32.0
isolet,audit,1800,exact_annular,64,0.14234950394291176,0.127242137735807,0.23449769532314196,0.004903358589165021,0.6590685,200,64.0,64.0
isolet,audit,1800,exact_annular,128,0.10167617811238486,0.0934186424874928,0.15582690901192606,0.003374440059876306,0.669355,200,128.0,128.0
isolet,audit,1800,exact_annular,256,0.0769663059212936,0.0678161590335089,0.1264685442757496,0.002669916551745179,0.665618,200,256.0,256.0
isolet,audit,1800,exact_annular,512,0.04998018964052015,0.0443978332164653,0.08416440920278205,0.0020605720658738538,0.6811525,200,512.0,512.0
isolet,audit,1800,official_E,32,0.3808517255810585,0.37396864901848303,0.5696466515163436,0.010121112051813638,0.159147,200,32.288,32.0
isolet,audit,1800,official_E,64,0.19421612564868743,0.1917462659759283,0.2895997197415625,0.005601985951016009,0.1707075,200,65.078,64.0
isolet,audit,1800,official_E,128,0.08612986456100856,0.0796818321062204,0.1378499756400641,0.0029040451183153606,0.1980395,200,132.65,128.0
isolet,audit,1800,official_E,256,0.035105678194990636,0.031797164992764804,0.05565337087969884,0.0012867541187179018,0.256086,200,275.366,256.0
isolet,audit,1800,official_E,512,0.01300330900830148,0.011523692866998902,0.023174985639347122,0.00052847239835974,0.390525,200,596.918,511.97
isolet,audit,1800,official_O,32,0.38260891945936853,0.3682722874273767,0.5724757135719003,0.010266929342610375,0.15044,200,32.286,32.0
isolet,audit,1800,official_O,64,0.19903800597419036,0.19153078947984742,0.3028130759988015,0.005623666621666994,0.165526,200,65.098,64.0
isolet,audit,1800,official_O,128,0.09088840908038953,0.0849432747169242,0.1498156476510157,0.0028262398347527746,0.186532,200,132.696,128.0
isolet,audit,1800,official_O,256,0.04569174140722135,0.04253893314528541,0.08103191055281533,0.0018046974600419013,0.245622,200,275.523,255.865
isolet,audit,1800,official_O,512,0.026075039880768588,0.022312947107798502,0.04717572055562359,0.0011982122138405671,0.373059,200,564.252,488.18
isolet,audit,1800,official_T,32,0.4238201004301129,0.387294756050293,0.6722202334667813,0.012905458122108136,0.107624,200,32.136,32.0
isolet,audit,1800,official_T,64,0.24122332641513083,0.2321156095179074,0.3551287569012028,0.007075858671439313,0.1090695,200,64.466,64.0
isolet,audit,1800,official_T,128,0.14635067096783916,0.13380225128564782,0.23216451151027628,0.004561771409177159,0.1211555,200,129.968,128.0
isolet,audit,1800,official_T,256,0.07595676749174433,0.0722092005578927,0.12056210769611668,0.002365783842832286,0.1449225,200,263.629,255.825
isolet,audit,1800,official_T,512,0.03815686982309425,0.0329081304431479,0.06466032579149751,0.001318727047139686,0.195865,200,543.724,511.07
isolet,audit,1800,projected_current,32,0.36332690162729436,0.325446545450885,0.5914266701899744,0.013201067563056609,0.36185,200,32.0,32.0
isolet,audit,1800,projected_current,64,0.19578541020159654,0.1855382137179978,0.3030372238380619,0.00611425436497681,0.3770385,200,64.0,64.0
isolet,audit,1800,projected_current,128,0.11658841895223332,0.11094142416216592,0.16629574149350268,0.0034395198722536003,0.4248445,200,128.0,128.0
isolet,audit,1800,projected_current,256,0.05663280137120796,0.053897664736111,0.08660428607961236,0.0015362126113843421,0.512506,200,256.0,256.0
isolet,audit,1800,projected_current,512,0.024443242458163216,0.023421793829968302,0.036461240697739296,0.0007903567038278397,0.6695855,200,512.0,512.0
isolet,audit,1800,projected_fast,32,0.3441665257549925,0.31215413375281886,0.5888563538553152,0.012017489794047698,0.3622475,200,32.0,32.0
isolet,audit,1800,projected_fast,64,0.20399675060949093,0.18915154336629492,0.3104369342013845,0.00610080643398063,0.378179,200,64.0,64.0
isolet,audit,1800,projected_fast,128,0.11209858327971926,0.1080358558574189,0.1716920831161117,0.0031925107325732694,0.427397,200,128.0,128.0
isolet,audit,1800,projected_fast,256,0.055766552718639346,0.0531540201376297,0.08482488420164197,0.0016182192247241754,0.515324,200,256.0,256.0
isolet,audit,1800,projected_fast,512,0.023037362466161206,0.021538902941152502,0.03562463634841046,0.0007753973782259591,0.672757,200,512.0,512.0
isolet,audit,1800,uniform_mc,32,0.6254050340136186,0.48350429807336803,0.9509985409557994,0.05897118019215877,0.114627,200,32.0,32.0
isolet,audit,1800,uniform_mc,64,0.40584414741810276,0.3321226706109509,0.7367034313352956,0.01945503993673518,0.129524,200,64.0,64.0
isolet,audit,1800,uniform_mc,128,0.30642992525945006,0.25312173882167344,0.487950926746305,0.01728627244120957,0.1688975,200,128.0,128.0
isolet,audit,1800,uniform_mc,256,0.21252094540385585,0.17886290881383832,0.3665386536284978,0.01046877934030598,0.2505545,200,256.0,256.0
isolet,audit,1800,uniform_mc,512,0.1420751519719374,0.1213192657321475,0.23182079463947708,0.006652289883185564,0.4001705,200,512.0,512.0
cifar10_gist512,audit,1800,ann_E_multi,32,0.22356046332624976,0.21307887266720912,0.3327211149035203,0.006346170964851639,0.635972,200,32.0,32.0
cifar10_gist512,audit,1800,ann_E_multi,64,0.13485113698507425,0.13016408731312573,0.2036835279893381,0.003870373038070439,0.6545185,200,64.0,64.0
cifar10_gist512,audit,1800,ann_E_multi,128,0.07555460661381619,0.06980225129802231,0.11586756324236167,0.0018892377992114676,0.694994,200,128.0,128.0
cifar10_gist512,audit,1800,ann_E_multi,256,0.038783102627208056,0.037893209249072905,0.056780484540378505,0.0009587284941194,0.7756845,200,256.0,256.0
cifar10_gist512,audit,1800,ann_E_multi,512,0.017547051481490605,0.016490094858307203,0.02650130309158782,0.0004722485636322497,0.9329485,200,512.0,512.0
cifar10_gist512,audit,1800,ann_E_single,32,0.2966278251989558,0.28246970258033977,0.4463675123960867,0.007966530765310276,0.398815,200,32.0,32.0
cifar10_gist512,audit,1800,ann_E_single,64,0.17092512360731527,0.1627036448002281,0.24935584406257597,0.004320026672455268,0.4158165,200,64.0,64.0
cifar10_gist512,audit,1800,ann_E_single,128,0.09877479006369998,0.09254434366140181,0.14656654171105468,0.002619295787030173,0.4558755,200,128.0,128.0
cifar10_gist512,audit,1800,ann_E_single,256,0.05193188807431024,0.051558814808114306,0.07602580925147842,0.001344472998381211,0.533949,200,256.0,256.0
cifar10_gist512,audit,1800,ann_E_single,512,0.023011892816058886,0.022942278505194102,0.0324353496285793,0.000560491290048982,0.692238,200,512.0,512.0
cifar10_gist512,audit,1800,ann_T_multi,32,0.24508248897228718,0.2211085060978154,0.38528744326598324,0.010395402192265629,0.498683,200,32.0,32.0
cifar10_gist512,audit,1800,ann_T_multi,64,0.17322423749271912,0.1529502028431836,0.2890280877811166,0.006579733790122281,0.5037315,200,64.0,64.0
cifar10_gist512,audit,1800,ann_T_multi,128,0.1163416644117845,0.09945975299890672,0.1835880455119939,0.00451852446780712,0.5423585,200,128.0,128.0
cifar10_gist512,audit,1800,ann_T_multi,256,0.07981495980070885,0.0703065034823956,0.13429761527669712,0.002881136652109572,0.6230175,200,256.0,256.0
cifar10_gist512,audit,1800,ann_T_multi,512,0.050521437890332574,0.0431284100610912,0.08259401981591998,0.002146083815183591,0.773192,200,512.0,512.0
cifar10_gist512,audit,1800,ann_T_single,32,0.3307468702902213,0.30854566615892515,0.4993044365666812,0.012786064707916359,0.247314,200,32.0,32.0
cifar10_gist512,audit,1800,ann_T_single,64,0.2164079820463413,0.2055475825596995,0.3289647372803919,0.006306628112260804,0.265411,200,64.0,64.0
cifar10_gist512,audit,1800,ann_T_single,128,0.1469981813907443,0.13786190593610098,0.22090210885515563,0.004635884295948328,0.3020095,200,128.0,128.0
cifar10_gist512,audit,1800,ann_T_single,256,0.10103384168944843,0.08943445963407591,0.1588053621825681,0.00349587732565365,0.382162,200,256.0,256.0
cifar10_gist512,audit,1800,ann_T_single,512,0.06119379602482175,0.0545908747179923,0.09080232422578453,0.002237613183120532,0.5276205,200,512.0,512.0
cifar10_gist512,audit,1800,exact,32,0.0,0.0,0.0,0.0,0.363168,200,1800.0,1800.0
cifar10_gist512,audit,1800,exact,64,0.0,0.0,0.0,0.0,0.363733,200,1800.0,1800.0
cifar10_gist512,audit,1800,exact,128,0.0,0.0,0.0,0.0,0.365527,200,1800.0,1800.0
cifar10_gist512,audit,1800,exact,256,0.0,0.0,0.0,0.0,0.3656565,200,1800.0,1800.0
cifar10_gist512,audit,1800,exact,512,0.0,0.0,0.0,0.0,0.3668965,200,1800.0,1800.0
cifar10_gist512,audit,1800,exact_annular,32,0.15033724792928685,0.13896402556075133,0.2445206958791736,0.004765260140043844,0.5742455,200,32.0,32.0
cifar10_gist512,audit,1800,exact_annular,64,0.11304748750519629,0.1069754836327523,0.17005911530315873,0.003817041120993537,0.5764865,200,64.0,64.0
cifar10_gist512,audit,1800,exact_annular,128,0.08139537787288491,0.0722929949538402,0.1242902588790918,0.0037068150542214776,0.581319,200,128.0,128.0
cifar10_gist512,audit,1800,exact_annular,256,0.05596888217298048,0.04915969213386401,0.08534556704349087,0.0024860667716896543,0.586377,200,256.0,256.0
cifar10_gist512,audit,1800,exact_annular,512,0.03656038837087865,0.031995639459567,0.056804057595369925,0.001541760971719954,0.596178,200,512.0,512.0
cifar10_gist512,audit,1800,official_E,32,0.29318423629876933,0.2682733768266996,0.45221472992741957,0.00830929620109064,0.221604,200,32.228,32.0
cifar10_gist512,audit,1800,official_E,64,0.1762325392524463,0.16969226729985049,0.25909018827566416,0.004822368894546923,0.23124,200,64.846,64.0
cifar10_gist512,audit,1800,official_E,128,0.09966501458784412,0.0940878665708562,0.1535999585296014,0.002656209532875163,0.250433,200,131.544,128.0
cifar10_gist512,audit,1800,official_E,256,0.05270679212758329,0.051312409058425205,0.07637653146610178,0.0012509120506258768,0.2827625,200,270.204,256.0
cifar10_gist512,audit,1800,official_E,512,0.022137737863319743,0.022315398358503803,0.031469703262575165,0.0005260969336745141,0.344527,200,571.218,512.0
cifar10_gist512,audit,1800,official_O,32,0.30353794981612625,0.2917273231484617,0.4566950113530612,0.008603833483899917,0.1090755,200,32.206,32.0
cifar10_gist512,audit,1800,official_O,64,0.1978062620078486,0.18738395898366178,0.2971992395353962,0.005567862395390936,0.11632,200,64.878,64.0
cifar10_gist512,audit,1800,official_O,128,0.11796623037703072,0.10808443403442591,0.17681193752276606,0.0032428436749080297,0.132745,200,131.502,128.0
cifar10_gist512,audit,1800,official_O,256,0.07464737899196268,0.0669651940388163,0.1175903804905128,0.002381279877638203,0.1661975,200,270.264,256.0
cifar10_gist512,audit,1800,official_O,512,0.04470645383210263,0.03900061439612751,0.07148419227010029,0.0017532583766220614,0.227016,200,570.425,511.885
cifar10_gist512,audit,1800,official_T,32,0.31232607091408704,0.2740735643400212,0.4947718814871995,0.010024688607237051,0.086703,200,32.132,32.0
cifar10_gist512,audit,1800,official_T,64,0.22281556893815518,0.19929693476642552,0.3323119114602785,0.009290175760577205,0.091654,200,64.494,64.0
cifar10_gist512,audit,1800,official_T,128,0.15098403875077623,0.13973488425644712,0.23914329847902827,0.0045919357493100455,0.101025,200,130.012,128.0
cifar10_gist512,audit,1800,official_T,256,0.100893452512572,0.09255691103259561,0.14886506151232107,0.003229088566823003,0.121067,200,264.052,255.97
cifar10_gist512,audit,1800,official_T,512,0.0607942781190939,0.0532713608318896,0.0919984195677601,0.0024790282454840743,0.1556865,200,534.815,505.355
cifar10_gist512,audit,1800,projected_current,32,0.2614144196478365,0.23268892982565453,0.4280994729429995,0.008743597391675812,0.3579955,200,32.0,32.0
cifar10_gist512,audit,1800,projected_current,64,0.1654709097394806,0.1572848920844633,0.2530926246727715,0.00505204136062293,0.375056,200,64.0,64.0
cifar10_gist512,audit,1800,projected_current,128,0.10876861351001345,0.09746303107019241,0.17120246816952508,0.003401480388613759,0.412222,200,128.0,128.0
cifar10_gist512,audit,1800,projected_current,256,0.06460211183549813,0.061721571577216,0.09587873470716538,0.002495232195862663,0.490992,200,256.0,256.0
cifar10_gist512,audit,1800,projected_current,512,0.032407605989097844,0.029177329965772603,0.049492895083678067,0.0011076951890547958,0.630643,200,512.0,512.0
cifar10_gist512,audit,1800,projected_fast,32,0.260611417550852,0.24226188562209922,0.39413238682777024,0.00815117086483118,0.359282,200,32.0,32.0
cifar10_gist512,audit,1800,projected_fast,64,0.17245950398463042,0.15801595277564412,0.2741986618537463,0.006090952870466922,0.3762725,200,64.0,64.0
cifar10_gist512,audit,1800,projected_fast,128,0.1094438451330846,0.0990014175718019,0.1656163656278322,0.003340639147320434,0.415194,200,128.0,128.0
cifar10_gist512,audit,1800,projected_fast,256,0.06173151503508642,0.056165912875000404,0.09509948641796916,0.00212645013759244,0.494874,200,256.0,256.0
cifar10_gist512,audit,1800,projected_fast,512,0.03341496669763708,0.030940558105841003,0.050092699112914266,0.0014544734754353857,0.6351245,200,512.0,512.0
cifar10_gist512,audit,1800,uniform_mc,32,0.33744961544052643,0.29186336736227814,0.528408189355601,0.012654746925251637,0.1115445,200,32.0,32.0
cifar10_gist512,audit,1800,uniform_mc,64,0.2276358001023553,0.2026111932196472,0.3575249418626079,0.008350829965181862,0.125724,200,64.0,64.0
cifar10_gist512,audit,1800,uniform_mc,128,0.18126343991694832,0.1487483113298838,0.2828314996680528,0.009605052141751017,0.156934,200,128.0,128.0
cifar10_gist512,audit,1800,uniform_mc,256,0.11966906691785974,0.10052780606548141,0.1932403249273508,0.005530003161902179,0.22943,200,256.0,256.0
cifar10_gist512,audit,1800,uniform_mc,512,0.07706717627031394,0.0647454373526562,0.13508152337853144,0.003229784098069417,0.3620515,200,512.0,512.0
cifar10_gist512,audit,20000,exact,64,0.0,0.0,0.0,0.0,4.741471,100,20000.0,20000.0
cifar10_gist512,audit,20000,exact,128,0.0,0.0,0.0,0.0,4.665884,100,20000.0,20000.0
cifar10_gist512,audit,20000,exact,256,0.0,0.0,0.0,0.0,4.745219,100,20000.0,20000.0
cifar10_gist512,audit,20000,exact_annular,64,0.11807409547142111,0.11391249190022612,0.17627235035744304,0.004872728293570645,5.2969335,100,64.0,64.0
cifar10_gist512,audit,20000,exact_annular,128,0.07938925362622212,0.0684402730171072,0.1322117189323113,0.004090669857954315,5.249934,100,128.0,128.0
cifar10_gist512,audit,20000,exact_annular,256,0.05352021757719091,0.045159104277581005,0.08492525190999438,0.0025964693984118796,5.3196535,100,256.0,256.0
cifar10_gist512,audit,20000,official_E,64,0.24668490810985444,0.22762308570697432,0.39075452314236897,0.011009829335478118,3.152584,100,64.092,64.0
cifar10_gist512,audit,20000,official_E,128,0.17310930824616577,0.1596188266085476,0.2704747662540408,0.008257077922821881,3.10686,100,128.384,128.0
cifar10_gist512,audit,20000,official_E,256,0.11517814683236981,0.10251431866932761,0.1773834423684874,0.005194668814878842,3.1618315,100,257.224,256.0
cifar10_gist512,audit,20000,official_O,64,0.25438746701141507,0.22492939388445643,0.39669833969146784,0.011656299590642221,0.6431985,100,64.084,64.0
cifar10_gist512,audit,20000,official_O,128,0.17810373296735005,0.1777704642964022,0.25170197865649513,0.008152500123144989,0.6325945,100,128.356,128.0
cifar10_gist512,audit,20000,official_O,256,0.12798670602043186,0.10994654325413669,0.19666541531920628,0.008864759061096307,0.681154,100,257.176,256.0
cifar10_gist512,audit,20000,official_T,64,0.26882042890823993,0.2459379064580904,0.42772499190765934,0.01457065324356969,0.277505,100,64.024,64.0
cifar10_gist512,audit,20000,official_T,128,0.17332844639629472,0.15861514588724182,0.29083128355909305,0.007469117122262917,0.2823355,100,128.176,128.0
cifar10_gist512,audit,20000,official_T,256,0.12074396264239906,0.11170745364179631,0.18784818261900146,0.006758702391893956,0.2696465,100,256.712,256.0
cifar10_gist512,audit,20000,projected_current,64,0.2214392928964318,0.17842740351712433,0.3577972852001365,0.013929413394150334,1.7355415,100,64.0,64.0
cifar10_gist512,audit,20000,projected_current,128,0.1551613868100149,0.1393326280169261,0.2532568956510922,0.0074762972555238285,1.801003,100,128.0,128.0
cifar10_gist512,audit,20000,projected_current,256,0.10252875378837648,0.08817655106321891,0.16367979830522633,0.0048061193540786026,1.910476,100,256.0,256.0
cifar10_gist512,audit,20000,projected_fast,64,0.2230269836054013,0.18210107100756093,0.3949886979791856,0.011710611461828242,0.990175,100,64.0,64.0
cifar10_gist512,audit,20000,projected_fast,128,0.1576137681332341,0.12996634199745552,0.2765187222372809,0.008572884696738097,1.035741,100,128.0,128.0
cifar10_gist512,audit,20000,projected_fast,256,0.09944320627577645,0.0881963157223273,0.17079874844837534,0.005008022750810729,1.138386,100,256.0,256.0
cifar10_gist512,audit,20000,uniform_mc,64,0.2533978740480894,0.21795465093623212,0.40242877788790543,0.012983037989257123,0.152232,100,64.0,64.0
cifar10_gist512,audit,20000,uniform_mc,128,0.19090797428577974,0.16449438835570232,0.28097492673150765,0.01058882253290501,0.187353,100,128.0,128.0
cifar10_gist512,audit,20000,uniform_mc,256,0.2344424905188245,0.1228322783054203,0.21848564554162375,0.10124849406298861,0.2725045,100,256.0,256.0
