dataset,phase,h_factor,budget,queries,exact_annular_error_percent,final_error_percent,matched_single_error_percent,uniform_mc_error_percent,matched_gain_percent,matched_gain_ci_low,matched_gain_ci_high,variance_ratio_median,recovery,recovery_ci_low,recovery_ci_high,recovery_denominator,recovery_denominator_ci_low,recovery_denominator_ci_high,recovery_stable,classification,H_mass_median,kernel_CV_median,single_relative_variance_median,multi_relative_variance_median,variance_ratio_median_recomputed,exact_annular_opportunity_pp
amazon,test,0.5,128,200,29.13979872822544,22.979081060033213,24.451412450066876,48.32602615213058,6.02145742312582,-0.7381347518894813,11.505098260932916,0.9296568136984512,1.3211010446230955,1.1552542792044302,1.5686956831300891,0.1918622742390514,0.1322971031321469,0.2635287255448721,True,Positive but uncertain,0.45720866848521646,6.119130323141118,0.10826080158920375,0.09906171364563299,0.9296568136984512,19.18622742390514
amazon,test,0.75,128,200,10.642660519064249,11.960233314757035,13.544958089781296,25.554048540655906,11.69973922783727,5.828482350921992,16.82695469071896,0.7793757839411377,0.9116398289827248,0.8210560144863573,0.9730270515690572,0.1491138802159166,0.1013863703739037,0.2101381226993738,True,Supported,0.27346387561602586,2.837553909782647,0.031570525567150454,0.024889063630318897,0.7793757839411377,14.911388021591657
amazon,test,1.0,128,200,5.029065074859348,6.763445121386863,8.213688646071855,14.773525773376065,17.656421946046883,12.075100030222472,22.546365023870862,0.6372881269634834,0.8220137470725786,0.7090166849274874,0.8875952666504052,0.0974446069851671,0.0634369836699987,0.1427199770242836,True,Supported,0.16851674288595506,1.4921010499785603,0.0117830871885995,0.007640414343591299,0.6372881269634834,9.744460698516717
amazon,test,1.5,128,200,1.987236202145395,3.0079387411213556,3.964528273319365,4.330794715242992,24.128710057025003,18.670127533690824,29.05543179266525,0.5447965837262401,0.5644646663304995,0.4628324157427668,0.6475431356353456,0.0234355851309759,0.0199640902102529,0.0271620556014649,True,Supported,0.09171474979187415,0.6333780676479477,0.00272694268952525,0.0014475996725686001,0.5447965837262401,2.343558513097597
amazon,test,2.0,128,200,1.1272834047721665,1.7370783556279925,2.324397875152737,2.283447140293625,25.26759836614255,19.519482723789302,30.26122752530921,0.5252553690177898,0.4725704222328049,0.3696580677889674,0.5684064833174448,0.0115616373552145,0.0101412883923659,0.0129647496154609,True,Supported,0.0690030334231882,0.3588860289140625,0.0009284093885434999,0.00047967305386355,0.5252553690177898,1.1561637355214585
cifar10,audit,0.5,128,200,63.86726138442359,14.626030944925098,15.625390959048213,109.71568752812432,6.395744060051278,-7.2309868400499235,19.12206011979502,0.9633364699815586,2.0740004528217355,1.8019702485357716,2.5038786552752095,0.4584842614370074,0.3579688802834178,0.5611594718390044,True,Positive but uncertain,0.868340668899457,16.520911880502197,0.03000917534045555,0.029370510290847848,0.9633364699815586,45.84842614370073
cifar10,audit,0.75,128,200,22.57371445483904,16.65689801212824,18.503308576159732,47.263025770742594,9.97881301298984,3.681101261081643,16.06859654175541,0.7820122687148054,1.2396509310042805,1.157304444229279,1.3341239044695716,0.2468931131590355,0.2121203512666513,0.2826977885547276,True,Supported,0.48822947644129533,6.214519179017742,0.05363400002407425,0.0399610393341417,0.7820122687148054,24.689311315903556
cifar10,audit,1.0,128,200,8.984881568886752,11.59845074998876,14.813907782939568,22.21133926507219,21.70566389412717,16.740230608857445,26.839065855887288,0.5289899790769713,0.8023984016630721,0.7486748892676647,0.8566843035972215,0.1322645769618544,0.1176333373784386,0.1481117765255626,True,Supported,0.2512552949546233,2.965531024940886,0.03268221217391355,0.0170828841323486,0.5289899790769713,13.226457696185438
cifar10,audit,1.5,128,200,2.784039556529902,4.979749778709802,8.82454584112074,9.056312870741278,43.569336390037265,39.720467319304994,47.3963675286744,0.2712329607525087,0.649933905589704,0.6041036206758353,0.6951812905166193,0.0627227331421137,0.0572192882208451,0.0685365823740883,True,Supported,0.09698903835781669,1.269196705926681,0.0113949152440456,0.0032066941227607,0.27123296075250874,6.272273314211376
cifar10,audit,2.0,128,200,1.5766079884040871,2.644774638570406,5.720758186839035,5.410046809232228,53.76880909500987,50.67935482648198,56.83141659181623,0.1955680559753432,0.7213554982636813,0.6820894883230074,0.760169304721085,0.0383343882082814,0.0353919381549083,0.0413763387731956,True,Supported,0.0549075915771707,0.7612476831336414,0.00475980624135845,0.00093212540817615,0.1955680559753432,3.833438820828141
cifar10,test,0.5,128,200,65.47759433957036,15.91686651047723,16.46238816257039,104.7862721927454,3.313745531365153,-16.778069871966498,18.78103998247527,0.9640614948409196,2.2608088222710347,1.911944575397294,2.761655418204609,0.3930867785317503,0.2979062065334324,0.4962170118729191,True,Positive but uncertain,0.8503996522183885,16.80116515121307,0.025098168393723898,0.0234518293359295,0.9640614948409196,39.30867785317504
cifar10,test,0.75,128,200,23.566979279451523,16.48658564306906,18.77314350300397,45.847027559940976,12.179941305882137,4.36647716086796,19.46588794598492,0.788665651356528,1.3177907672032618,1.2160853098637543,1.4493853035013975,0.2228004828048945,0.1885317099218416,0.2624964624823809,True,Supported,0.48402492186337626,5.9422277773119845,0.0515253664969578,0.037572407851200904,0.788665651356528,22.280048280489453
cifar10,test,1.0,128,200,9.431232483718016,11.239368781111637,14.888700111307172,21.989822126496374,24.5107450812584,19.237178250051223,29.96692869495182,0.5441934517082321,0.8560239366979108,0.7973907337286703,0.9203860436740272,0.1255858964277836,0.1120001927148984,0.1382819422924264,True,Supported,0.24538578983743792,2.8687114995280822,0.03341712184510895,0.01816817564842145,0.5441934517082321,12.558589642778358
cifar10,test,1.5,128,200,2.812882011487478,4.700805919712833,8.6505022422447,9.117924287598274,45.65857810247754,42.05062540053478,49.13376245772789,0.2812700231203482,0.700569191204551,0.6644726149733049,0.7375899700835635,0.0630504227611079,0.0577514530243408,0.0676233667004336,True,Supported,0.09361262283412325,1.2546447258527325,0.01139654286245625,0.0031416851784719,0.2812700231203482,6.305042276110797
cifar10,test,2.0,128,200,1.5215100287760364,2.5127973442673857,5.654727671936664,5.38172332655393,55.56289374043739,52.561577311053945,58.215402312120275,0.194545826471866,0.7432040047989116,0.7101135787540673,0.7757691696441316,0.0386021329777789,0.0356265798792019,0.0412863783293696,True,Supported,0.0540926844225732,0.7676457849073031,0.0048679229541047,0.00095130397153155,0.19454582647186605,3.8602132977778933
cifar10_gist512,audit,0.5,128,200,72.69880787653943,34.83617700270209,34.580536517787394,115.72728933866252,-0.7392611875272515,-16.919108230910844,15.299242646896053,0.9780364925124982,1.8799434604069605,1.5491365058776618,2.360939391638223,0.4302848146212309,0.3134954125449192,0.5561196858630536,True,Reversed,0.7065158469271073,16.549140199201055,0.1310494336225059,0.1249629954041542,0.9780364925124982,43.02848146212308
cifar10_gist512,audit,0.75,128,200,22.952805771701243,20.70464834063863,23.110408214368075,45.18995090073357,10.4098545184232,3.5672864435487344,17.672020720076873,0.836956904899254,1.1010991931750926,0.9743685789905856,1.2541006153345142,0.2223714512903233,0.1741916303963549,0.2776168311616593,True,Supported,0.3066895964400662,4.994681208577768,0.07245714778381995,0.0585491375999633,0.836956904899254,22.237145129032328
cifar10_gist512,audit,1.0,128,200,8.13953778728853,10.87686135100139,13.973761235697598,18.12634399169487,22.162249894357856,16.781176417410585,27.375660015078537,0.6300360170832981,0.7259060096204624,0.6162842433913124,0.8194447552766468,0.0998680620440634,0.0847090946515836,0.1160041276971588,True,Supported,0.14526794351757083,2.1635662938885876,0.02721177181730735,0.01660497347998245,0.6300360170832981,9.98680620440634
cifar10_gist512,audit,1.5,128,200,2.606119871649948,4.265045174219036,6.702104669576222,6.498562714584627,36.3625997430339,32.17420541116363,40.70284249396641,0.4209643019624536,0.5738086930215901,0.4926627006370201,0.6459922284764976,0.0389244284293467,0.0348789972796153,0.0432128941058426,True,Supported,0.0582288874121041,0.8958366083710058,0.0064771207851470995,0.0025958981886825497,0.4209643019624536,3.892442842934679
cifar10_gist512,audit,2.0,128,200,1.504151813229974,2.327357760735094,4.087750204678886,3.702530411198783,43.06506894498657,39.1243476541644,47.079332486292266,0.3564564855360196,0.625539500673032,0.5507591522032156,0.6928933712305722,0.021983785979688,0.0194979795328918,0.0245356464636434,True,Supported,0.0373756743114272,0.5250465801239745,0.0023733360048971003,0.00079892270658105,0.3564564855360196,2.1983785979688086
cifar10_gist512,test,0.5,128,200,65.23474088333269,38.05850957187762,35.00375306347854,102.7922502151618,-8.72693994515199,-27.24420892611324,7.404875226375204,0.9792399562581514,1.7235898171880062,1.4361390913241632,2.19173956048692,0.3755750933182912,0.2694901235546983,0.4819546573193771,True,Reversed,0.6625888553042916,16.650411590415636,0.1937867755040705,0.1852171048647863,0.9792399562581514,37.55750933182911
cifar10_gist512,test,0.75,128,200,20.653857444095586,20.187097333961496,21.601837545099325,38.54700159960304,6.549166052120336,-2.0176375696348137,14.607525388718956,0.8345538467182863,1.026085974945349,0.9219066179886644,1.138574758925199,0.1789314415550745,0.1440445634685312,0.2162041175464799,True,Positive but uncertain,0.28889764274397123,4.641258749257084,0.07144749831035116,0.05966641109188905,0.8345538467182863,17.893144155507457
cifar10_gist512,test,1.0,128,200,7.702383137398707,10.549423475422032,13.40443613142892,15.890221416472288,21.2990134610201,16.045963701077063,26.180833771062844,0.6174956543975404,0.6522842487864261,0.55456084584153,0.7348181565917289,0.0818783827907358,0.071026230119391,0.0939425358903328,True,Supported,0.140810233102394,2.080631069797366,0.02528494654928215,0.015930974102868797,0.6174956543975404,8.187838279073581
cifar10_gist512,test,1.5,128,200,2.4920041665765753,4.134887270886648,6.57394970179369,6.223976542232453,37.101933260024,32.05893780582667,41.338178321912274,0.4117906850280979,0.5597815474126216,0.4865695354456855,0.6266522585092842,0.0373197237565587,0.033620389111678,0.0411807103168934,True,Supported,0.056431858624124295,0.8641911474054407,0.00598114219292435,0.00250935949125135,0.4117906850280979,3.731972375655878
cifar10_gist512,test,2.0,128,200,1.4004134053940662,2.2841778690016836,3.987829692793596,3.6240216413234663,42.72127836528677,38.24229710471806,46.60956778396231,0.3520528512931365,0.6025538809725487,0.5321720784111142,0.6624752080750056,0.0222360823592939,0.0200871687255631,0.024389324088674,True,Supported,0.036692797638950295,0.5055378578565033,0.00222662064911175,0.0007857271476783,0.35205285129313657,2.2236082359294
isolet,audit,0.5,128,200,58.01612951209664,8.397821028408273,8.567703651473757,129.05754135082043,1.98282562021459,-14.86464996181773,17.154932339636154,0.9804568588873556,1.6984420382344096,1.5356156489482131,1.9416682229289568,0.710414118387238,0.5671021348235835,0.8654649075654338,True,Positive but uncertain,0.9625782512558327,23.986160181035906,0.0033363914723998998,0.00308545401478425,0.9804568588873557,71.04141183872379
isolet,audit,0.75,128,200,24.27736921988173,13.639305965272424,15.540216895429008,67.69841237331794,12.232203340197367,5.795478862285971,18.537629186185747,0.8585928731831718,1.2449978738884224,1.1755945283767857,1.335119281336128,0.4342104315343621,0.3541901547134241,0.5278618789340901,True,Supported,0.674910536582313,9.026743894129904,0.0392422868414536,0.0314699172241487,0.8585928731831718,43.4210431534362
isolet,audit,1.0,128,200,10.167617811238532,11.658841895223372,15.013412076598554,30.642992525945033,22.343822738363105,17.352616520442893,27.04544958358832,0.647390032666022,0.9271698757769856,0.8819898746670068,0.9714841082176832,0.204753747147065,0.1759929610435815,0.2399687242725779,True,Supported,0.35877920572309707,4.044383274388544,0.03346669033344835,0.020493175371370798,0.647390032666022,20.4753747147065
isolet,audit,1.5,128,200,2.764586023921809,5.30940690615061,8.661259816746014,9.598963073532284,38.699369162379845,34.33577617170672,42.81238535261299,0.3640295746042441,0.6276440612281052,0.5849749923746476,0.6754705918442473,0.0683437704961047,0.0635332019696932,0.073476289372259,True,Supported,0.11409147377939424,1.3780262780438455,0.011774675793674,0.004051466714726349,0.3640295746042441,6.834377049610475
isolet,audit,2.0,128,200,1.3930424002132875,2.7964967283996396,5.3154537890683144,5.214259507055263,47.389313511653995,43.567102903179816,51.10794644821426,0.2772102311259306,0.6327205994986688,0.5878656235800697,0.6758452903250668,0.0382121710684197,0.0352160806939013,0.0412900685494875,True,Supported,0.060147390003702755,0.7726859141834309,0.0046701500897260995,0.0011849245678757,0.2772102311259306,3.821217106841975
isolet,test,0.5,128,200,65.95788360240698,7.225628259618201,8.164437870307596,129.04118000479875,11.49876605839154,-8.63200302249296,26.96912510346908,0.9809823264971576,1.9310270498255375,1.718548339664844,2.339032577182246,0.6308329640239176,0.4843248084582424,0.7613052672697005,True,Positive but uncertain,0.9723767575344565,23.251110100688372,0.0023638480336695498,0.00229718116982825,0.9809823264971576,63.08329640239177
isolet,test,0.75,128,200,28.070338043706357,12.982709099504298,14.506299083234875,65.42721105132618,10.502954440608567,3.5517355241288477,17.113259061127017,0.8714456686428171,1.403878262003476,1.3171196986106033,1.5165345128231311,0.3735687300761983,0.3089238904413977,0.4421412249727007,True,Supported,0.6806104907000845,9.359670170214565,0.0378740638101555,0.0290679481395139,0.8714456686428171,37.356873007619825
isolet,test,1.0,128,200,11.31183826745168,11.002685105252366,14.071169687004936,30.72356133081728,21.806890613979235,16.617797275699203,27.31264591407692,0.6518078386098395,1.015926106157096,0.9680108175665348,1.0665180819165758,0.194117230633656,0.1699392274348272,0.2224565362181602,True,Supported,0.36655442450740566,3.9733077885515504,0.0330533943319484,0.0192883046684133,0.6518078386098395,19.4117230633656
isolet,test,1.5,128,200,2.94880375828437,5.005475898240626,8.434519154932383,10.017222227039111,40.65487544345076,36.15020708528446,45.24605939904403,0.3663141995481865,0.7090336191826254,0.6677429965534543,0.7509421338047786,0.0706841846875474,0.0645804812654674,0.0767198805310515,True,Supported,0.11573039081205105,1.3913065932800017,0.0121593434888506,0.0037254066931566004,0.3663141995481865,7.068418468754741
isolet,test,2.0,128,200,1.4598727562753475,2.656969798038593,5.178156634716623,5.29475297028839,48.68888707952348,44.493521126705886,52.51682578681715,0.2763878037591937,0.6878397824816193,0.6414807856778697,0.7301300323091666,0.0383488021401304,0.0352295555437949,0.0411922439924051,True,Supported,0.0604705117408044,0.784999926254378,0.00491384839480505,0.00112491843994305,0.2763878037591937,3.8348802140130425
