dataset,block,partition,queries,predicted_variance_ratio_median,empirical_variance_ratio_median,empirical_over_predicted_median,empirical_over_predicted_p10,empirical_over_predicted_p90,mean_relative_error_percent,ordering_spearman_median,absolute_relative_bias_mean,mean_predicted_relative_variance,mean_empirical_relative_variance
amazon,equal_C,exact_order,80,0.20823874423284625,0.21428148679422382,0.9992670401043168,0.9345918325806479,1.0663173574289997,8.58300885484053,0.9999999757865496,0.002838118312837182,0.09850392268323267,0.09861411412626364
amazon,equal_C,norm_angle_hamming_quantiles,80,0.2901146823133609,0.2856751083249447,0.9895859835635206,0.9561949535813566,1.0533389966342037,9.23331456617031,0.9573300612838205,0.0022808129704423403,0.09931077429020249,0.10047070933148106
amazon,equal_C,projected,80,0.6286436349219426,0.6194433945464477,0.9996090128436619,0.9511387769826231,1.0472876734335597,11.329773630715167,0.6959260328458131,0.0038916797200969624,0.10348079080206854,0.10365707213262128
amazon,equal_C,random,80,1.0011087027830736,1.0001069031489378,0.9998620859283349,0.971689603407777,1.0234620825915888,13.563475652476548,-0.00450738381459885,0.0017543480192752255,0.11922866207855076,0.11944502687448
amazon,equal_C,single,80,1.0,1.0,0.9981320931971911,0.9382660082678654,1.0594180041804295,13.305767164341287,,0.006670248053118387,0.11685232120535094,0.10351850784328546
amazon,matched_H,exact_order,80,0.2008964981918868,0.20467305048707785,1.0017240770526055,0.9269174621696816,1.0599355242448163,3.982009890469977,0.9999999723638132,0.001366052321497109,0.0027320921962457256,0.0027293243323962516
amazon,matched_H,projected,80,0.6558533639326847,0.6553043088867004,0.9897487854431293,0.9307640650968293,1.0534827113446192,6.920060683657203,0.6807379691041249,0.0023392646038348777,0.007873639094241758,0.007852080516411414
amazon,matched_H,random,80,0.9997163029394855,1.0050262032512003,0.9982234570180026,0.9720763799090423,1.0240355585737935,8.553944710114996,0.0016579556581943896,0.001103287677684658,0.01193497690155039,0.011923652412078559
amazon,matched_H,single,80,1.0,1.0,0.9890767252404804,0.9517607593058603,1.0452059730541057,8.564589680524225,,0.0024997058191908545,0.011937391352904224,0.01190996971097744
amazon,old_sizes,exact_order,80,0.896047107735481,0.8810410262819415,1.0021641849968002,0.9373154135850581,1.0546834384212964,12.72131197089396,0.9999999757865496,0.004598852609035443,0.11403012938520156,0.11599008262827645
amazon,old_sizes,original_norm_angle,80,0.3808571512704244,0.3708438307259447,0.9969406500827213,0.9427063113095909,1.0490925843242533,10.879913667927648,,0.002628811193405468,0.11036045138518943,0.11163644016807528
amazon,old_sizes,projected,80,0.9190961045852385,0.8984539840748218,0.9998759916807746,0.9381706586343324,1.0630117049279615,13.003351099799815,0.6959260328458131,0.004337408111933753,0.11472404877323239,0.11667619330923769
amazon,old_sizes,random,80,1.0034332033390707,1.0049941701329637,1.0005659897090373,0.9751284165464157,1.0263615009447573,13.567540473965265,-0.0009324526313817215,0.0016042073821548358,0.11746168315294017,0.11721471185597535
amazon,old_sizes,single,80,1.0,1.0,0.9951341599138734,0.940058556911316,1.0496178829664928,13.518485404129965,,0.0034451283866305596,0.11685232120535094,0.11601771868698293
cifar10,equal_C,exact_order,80,0.48046148587856835,0.4923266456928413,0.9977880608487224,0.9467955072032762,1.060577597669848,16.20540912520813,1.0,0.00479742125187572,0.051331111577805455,0.05171489377400956
cifar10,equal_C,norm_angle_hamming_quantiles,80,0.891731781258609,0.8779993904887864,1.0099992853067503,0.9498456267786802,1.0584573627239298,20.722810172432347,0.5791309633660282,0.005951585668978303,0.07551869335192743,0.07585183498865833
cifar10,equal_C,projected,80,0.582352090615305,0.5775437623650646,0.9895172205892062,0.9269326838876878,1.0541912397456443,17.209151644816618,0.9263382598574033,0.005016951443765327,0.056167645536690035,0.05619200536550719
cifar10,equal_C,random,80,1.0034832414043722,1.0197565542729388,0.9997202661959825,0.9761126296459813,1.0309146009630117,22.156978784851916,-0.00184505417830606,0.003177873201815719,0.08646622623671876,0.08660324744465453
cifar10,equal_C,single,80,1.0,1.0,0.9950780962524622,0.9303810529891793,1.0597681407520925,22.085101724792796,,0.007179519975103804,0.08621066922876901,0.085371898114035
cifar10,matched_H,exact_order,80,0.4049637131471784,0.4059016589269747,0.9979346539149696,0.9333564399099488,1.0562187866425932,9.646767557329271,1.0,0.002917165483782246,0.01573264226981759,0.015801181708708825
cifar10,matched_H,projected,80,0.5514637239546882,0.554724503878824,1.0042621130632754,0.94045961387913,1.0574580081021703,11.037851723969432,0.9244447670044422,0.0038740157771070733,0.02007117652255403,0.020110558243401362
cifar10,matched_H,random,80,0.9999417148480829,1.008437694782489,1.001545600000333,0.9792479327916408,1.0243801226158333,14.819513254466404,0.0015330170791016907,0.002157127082016747,0.03522246304031025,0.035273478289476766
cifar10,matched_H,single,80,1.0,1.0,0.9957000244061562,0.92948297287981,1.0493507774572952,14.76426387500957,,0.0048005815510916965,0.03522451072937667,0.03502775163311138
cifar10,old_sizes,exact_order,80,0.8887490601776293,0.8867487002273324,0.9925031503902111,0.9369753180916511,1.0416059748383755,20.465650664853204,1.0,0.006009636020812141,0.07376422781381112,0.07337827677284932
cifar10,old_sizes,original_norm_angle,80,0.9569500137059523,0.9403170122194602,0.9920046331144108,0.9227973149980874,1.0383925814121762,21.235493174821727,,0.007266712641242215,0.07969244961159591,0.07847615549212508
cifar10,old_sizes,projected,80,0.894905173018109,0.8890906613114743,0.9889283575887404,0.9334328400448761,1.0383491020795022,20.55842732062029,0.9263382598574033,0.006504396393338022,0.07464784237378033,0.07404327698572802
cifar10,old_sizes,random,80,1.0034118792713098,0.9992311536097538,0.9991266588340704,0.9775337536951767,1.02397496574808,22.18498614449393,0.00023014138829502984,0.0027026465003850823,0.08653379715343848,0.08634686405856509
cifar10,old_sizes,single,80,1.0,1.0,1.0070667201046057,0.9493574882909883,1.0503273051627224,22.1101507146384,,0.006096221262117304,0.08621066922876901,0.08689745589800577
cifar10_gist512,equal_C,exact_order,80,0.35219923861514796,0.3511187675112871,1.0095349975918606,0.9425203264710468,1.0483180382366954,11.79757636277633,1.0,0.004126515887410214,0.0453887232549126,0.04559805278169423
cifar10_gist512,equal_C,norm_angle_hamming_quantiles,80,0.7840208036494672,0.7716571496985449,1.0077866620044462,0.9481945959201478,1.0831891109087468,15.235102687064856,0.641455543017597,0.004861404155761808,0.058275549207912426,0.059764745071803
cifar10_gist512,equal_C,projected,80,0.604725471656146,0.6086607165670925,1.0050756758655366,0.942778676153925,1.054429937809119,13.804228776903685,0.8084988175699328,0.003955951383898435,0.051765355919402435,0.05108814319876931
cifar10_gist512,equal_C,random,80,1.0019046166062315,0.9922348275692314,1.0039122879743836,0.9729973418336748,1.030028500822118,17.098106498324046,0.0007341647267961697,0.0024064572918681354,0.06850738241675274,0.06882445411918478
cifar10_gist512,equal_C,single,80,1.0,1.0,1.0105414741877632,0.9460261175694077,1.0640452698815768,17.047950836755355,,0.006044316067891774,0.0684850760244902,0.06712231842543417
cifar10_gist512,matched_H,exact_order,80,0.34092485701772757,0.3418453891443267,0.9995159471811355,0.9506275494093391,1.0664651660467688,8.189153953922101,1.0,0.0022869411006198395,0.01238042575862704,0.01240949066339275
cifar10_gist512,matched_H,projected,80,0.6347566234668399,0.6384879561312172,1.000450719694275,0.9321360287652257,1.0838458245274618,10.642345755265762,0.8051283385953176,0.003548725345274292,0.019120904934022097,0.01921020861079464
cifar10_gist512,matched_H,random,80,1.0001522979345348,1.0004044677861739,0.9947112239782118,0.9711516139397944,1.0266243851218808,13.354340331037646,-0.0006683247682695598,0.001735259862874749,0.0294702809967659,0.029424655778232844
cifar10_gist512,matched_H,single,80,1.0,1.0,0.9911999335179813,0.9274261568014331,1.0668792453526923,13.323997842746952,,0.004362049663709665,0.02946566140805651,0.029215389907297096
cifar10_gist512,old_sizes,exact_order,80,0.8733505902878064,0.8554937045917881,0.9955982276092774,0.9324165935653792,1.050485559868426,15.694507573584316,1.0,0.0046307251182161014,0.06099756561642857,0.06097463821858369
cifar10_gist512,old_sizes,original_norm_angle,80,0.9861442575431925,0.9802547890482387,1.0102195171182142,0.9590709645407305,1.0778911396486155,16.936705395633304,,0.005384428254792367,0.06696482133965376,0.0683851980245419
cifar10_gist512,old_sizes,projected,80,0.8846971696368398,0.88037686928454,0.9929083591757095,0.9370336499974682,1.0493578951672837,16.04437719270644,0.8084988175699328,0.0050092672500982125,0.06329968690615118,0.06187034039282189
cifar10_gist512,old_sizes,random,80,1.0077890021316689,1.0029612916277197,1.0003769259350022,0.9738043216487766,1.0274440804281384,17.123727698443318,0.0003666243818237001,0.002790642091025621,0.06877386001654706,0.0688162210060077
cifar10_gist512,old_sizes,single,80,1.0,1.0,1.0050341782349266,0.9419616706265043,1.0680063901659667,16.986110654645735,,0.004920827445711283,0.0684850760244902,0.06791975180607364
isolet,equal_C,exact_order,80,0.5623528659708155,0.5615288962854803,0.9978914627396589,0.9266069548840791,1.0777683092634192,20.523077900967177,1.0,0.009101268385970637,0.16727094469866874,0.1538767924724531
isolet,equal_C,norm_angle_hamming_quantiles,80,0.9332795672080905,0.926045634073088,1.006239079554565,0.9269509549732108,1.0725489605165868,24.83647267742602,0.21046160089022145,0.009262278036481225,0.19393800243531856,0.18669671539074897
isolet,equal_C,projected,80,0.6270136880501058,0.6398154907818299,0.996738940080913,0.9318658642506142,1.0757162611739155,21.53569495651541,0.8719893400202047,0.00871878499727319,0.172462415579716,0.15899859898847682
isolet,equal_C,random,80,1.0012058445182053,1.0049209157972196,0.9950125673951187,0.968414659508188,1.0257224545302723,25.828656837210634,0.00025741185428737996,0.003351505051496495,0.20852095349478436,0.20634848465598563
isolet,equal_C,single,80,1.0,1.0,0.993068104287183,0.9301336075382072,1.0689178976586724,25.94707667615449,,0.009237663029608328,0.20813753284915695,0.22242053383302127
isolet,matched_H,exact_order,80,0.4885246610856152,0.47894252959418204,0.9995188190057955,0.9324463114600877,1.0558923541349396,9.97422328998881,1.0,0.0030233910746316865,0.01693519416234296,0.016828626040495225
isolet,matched_H,projected,80,0.6212008829697335,0.6409105551489986,0.9945214003393917,0.9325661938257996,1.0622963209353244,11.286384901835254,0.8644052389240597,0.003619775599590376,0.021230961541969007,0.02107337525901491
isolet,matched_H,random,80,1.0000346283508592,1.00554566199934,0.9988058704626293,0.9768135965663591,1.0238066157721224,14.382488761819692,0.00018510853488412014,0.002078052324972591,0.03379545821852918,0.03377688539303236
isolet,matched_H,single,80,1.0,1.0,0.9929475810907487,0.9240172805839418,1.0507151125090428,14.346978371821894,,0.0037561947101780622,0.0337965694744694,0.033560074498503546
isolet,old_sizes,exact_order,80,1.0049753673152115,0.9672877334663401,0.9850936378216375,0.9229609756299881,1.051475941502334,25.61730417956296,1.0,0.008806656731075497,0.20951029021926876,0.19746206299493552
isolet,old_sizes,original_norm_angle,80,1.0049752621107895,0.9931015182901903,1.0037551140134044,0.9351155027038875,1.0806962438419891,25.873531496580192,,0.009199328634833345,0.20969506030469143,0.20310023993794352
isolet,old_sizes,projected,80,1.0049754491173246,0.9739969087821101,0.9774528429182543,0.9260949391443146,1.0602807920010417,25.607580512047857,0.8719893400202047,0.00886083683910885,0.20960680744596125,0.19680916779372912
isolet,old_sizes,random,80,1.004221822866426,0.9867187096834329,1.0016032740332819,0.9719122873688429,1.0264186048694177,25.87710801590129,0.0020836630541134597,0.003413467644601756,0.21006918374352362,0.21005289609675795
isolet,old_sizes,single,80,1.0,1.0,1.0161193030421547,0.9455398157957824,1.06831599416309,26.000253325398475,,0.009558238341951764,0.20813753284915695,0.22039252337558154
