phase,dataset,budget,method,comparator,mean_error_difference,difference_ci_low,difference_ci_high,relative_error_reduction,reduction_ci_low,reduction_ci_high,query_count,bootstrap_resamples,bootstrap_seed
audit,cifar10,32,final,current_approx,-0.13374610931747818,-0.16604449632385632,-0.10193992764827105,0.30629124234953875,0.2483676956317832,0.35766699645801214,200,1000,20260916
audit,cifar10,32,final,uniform_mc,-0.12080214504726268,-0.15280012954042366,-0.08975887531017086,0.28509951693116753,0.22072619218774484,0.34201072116458103,200,1000,20260916
audit,cifar10,32,final,deann,-0.06237619394955077,-0.08904109127331747,-0.0398230105151508,0.17075648305982505,0.11185202897345999,0.23344068145209995,200,1000,20260916
audit,cifar10,32,final,matched_single,-0.10539506871339753,-0.12959475354889408,-0.08161019932787403,0.2581237669464206,0.20824116439180856,0.3072930114405368,200,1000,20260916
audit,cifar10,32,final,matched_neyman,-0.18894348381113674,-0.23409672174914586,-0.1505373518091746,0.38414034281723297,0.32564376403997886,0.4452521628842218,200,1000,20260916
audit,cifar10,64,final,current_approx,-0.10205747999479556,-0.12248818392190748,-0.08234065228730036,0.34599039782627294,0.294745556188009,0.3929143714345299,200,1000,20260916
audit,cifar10,64,final,uniform_mc,-0.13047573680735475,-0.15479520535341526,-0.10882228921318157,0.40346217497456516,0.35776945827211726,0.4481189938300307,200,1000,20260916
audit,cifar10,64,final,deann,-0.04458992180422573,-0.059349157110826965,-0.029507513343506247,0.1877435270905803,0.12841581042417027,0.24330627609984193,200,1000,20260916
audit,cifar10,64,final,matched_single,-0.06469516819827724,-0.08146368511325505,-0.048684143336608005,0.2511363931338473,0.19602522102627765,0.30382072752887823,200,1000,20260916
audit,cifar10,64,final,matched_neyman,0.0071405118211705565,-0.004994836763846262,0.020523868152968226,-0.03843654906398952,-0.11424227748634105,0.02583395737932019,200,1000,20260916
audit,cifar10,128,final,current_approx,-0.1067899967600495,-0.1257863833693814,-0.09067149663203136,0.4793636377502388,0.43293049053903954,0.523526020825911,200,1000,20260916
audit,cifar10,128,final,uniform_mc,-0.1061288851508343,-0.12233313718858059,-0.09037801698300603,0.47781398448910406,0.43054220996029224,0.5197328226847513,200,1000,20260916
audit,cifar10,128,final,deann,-0.019502975399666743,-0.02789345699296586,-0.009957202702858074,0.14394669516537983,0.07672531737167257,0.19874445092339404,200,1000,20260916
audit,cifar10,128,final,matched_single,-0.03215457032950817,-0.040976033421035084,-0.02359613958221484,0.21705663894127225,0.16530048460337923,0.26656399358362326,200,1000,20260916
audit,cifar10,128,final,matched_neyman,0.012651496105180151,0.005498921036684537,0.020503184275462875,-0.12243421472402893,-0.20754493919584568,-0.051825309136030014,200,1000,20260916
audit,cifar10,256,final,current_approx,-0.0822949887259305,-0.09272198441055218,-0.07216075094608836,0.585389117608283,0.5474408979470101,0.6191037917675439,200,1000,20260916
audit,cifar10,256,final,uniform_mc,-0.09583519006876717,-0.1075004204189554,-0.08313624189547737,0.6218142804958349,0.5830905812883165,0.6527881249249277,200,1000,20260916
audit,cifar10,256,final,deann,-0.019953114813294183,-0.026359191482599745,-0.013636393428364852,0.2550250882816567,0.1841848889078845,0.3206495489560015,200,1000,20260916
audit,cifar10,256,final,matched_single,-0.021845327592673068,-0.026189648628117422,-0.01720061392590139,0.27261669491382745,0.22039841590033846,0.31793995522347107,200,1000,20260916
audit,cifar10,256,final,matched_neyman,0.008244786552258023,0.0044783435575501095,0.012072694936211319,-0.1647576310353247,-0.24891309796631245,-0.08796014514642896,200,1000,20260916
audit,cifar10,512,final,current_approx,-0.07102733050050833,-0.08008599097991857,-0.06316730130918943,0.7318665844820891,0.7018027037268273,0.7608795548264842,200,1000,20260916
audit,cifar10,512,final,uniform_mc,-0.0720085307195827,-0.08112670359710858,-0.06445079633180112,0.734550360101434,0.7056539550502472,0.7629148056175971,200,1000,20260916
audit,cifar10,512,final,deann,-0.020679141626286132,-0.024188451312629533,-0.017228798884436534,0.4427951648229166,0.386783056509775,0.49005873858881965,200,1000,20260916
audit,cifar10,512,final,matched_single,-0.008137217424783157,-0.010330207612636038,-0.005902537858428501,0.2382127931048914,0.18199603549674748,0.2884046377950064,200,1000,20260916
audit,cifar10,512,final,matched_neyman,0.004686873484082937,0.003090470062807841,0.0063840965160332505,-0.21967635933861174,-0.30863773907092956,-0.13917754037136243,200,1000,20260916
audit,cifar10_gist512,32,final,current_approx,-0.06558742219257221,-0.09901551344640096,-0.036485538969354116,0.20057202682234931,0.12179603715293687,0.27658409830131353,200,1000,20260916
audit,cifar10_gist512,32,final,uniform_mc,-0.07603519579268984,-0.10053011931021258,-0.05270388872370601,0.22532310695754965,0.1642498066981826,0.2815225236671996,200,1000,20260916
audit,cifar10_gist512,32,final,deann,-0.04212353016828974,-0.06154107651786618,-0.02195808236627829,0.13877516861995953,0.07485347600310492,0.19568232354028814,200,1000,20260916
audit,cifar10_gist512,32,final,matched_single,-0.07505508486128004,-0.09624278190452147,-0.051132806572061505,0.22306653011772837,0.1578545470058181,0.2759290953372177,200,1000,20260916
audit,cifar10_gist512,32,final,matched_neyman,-0.1579073661967348,-0.19000453998965178,-0.12802758660829655,0.3765780160424711,0.3189829811745624,0.4291660865144572,200,1000,20260916
audit,cifar10_gist512,64,final,current_approx,-0.06156921730202729,-0.08141034669775266,-0.043820669317884385,0.27118209500812596,0.20747390103998964,0.3320303515823669,200,1000,20260916
audit,cifar10_gist512,64,final,uniform_mc,-0.06216489036287472,-0.0800958955484725,-0.0463143767701984,0.2730892519319126,0.21521893163501538,0.3305791655957465,200,1000,20260916
audit,cifar10_gist512,64,final,deann,-0.03233535226836803,-0.04530688158915722,-0.019459692705963517,0.16346981101682678,0.1010111796908508,0.22026250437815434,200,1000,20260916
audit,cifar10_gist512,64,final,matched_single,-0.05068755479878307,-0.06490041176868748,-0.03682741320881546,0.23449257426516568,0.17754707521683033,0.2859797751261465,200,1000,20260916
audit,cifar10_gist512,64,final,matched_neyman,-0.013135257041352265,-0.023877117328259572,-0.0012528120406811241,0.0735431327937881,0.00715986756600871,0.13010507202254834,200,1000,20260916
audit,cifar10_gist512,128,final,current_approx,-0.03989686115193894,-0.05164584971732773,-0.02905266624353427,0.26836668865222113,0.20469519832519836,0.32866636253679016,200,1000,20260916
audit,cifar10_gist512,128,final,uniform_mc,-0.07249482640693486,-0.09245745913806651,-0.05528480180377942,0.3999417998475068,0.33163261970277214,0.46650814395589757,200,1000,20260916
audit,cifar10_gist512,128,final,deann,-0.009197616867017288,-0.017399283813552227,-0.0012124002111844553,0.07796821885060545,0.010962640943956778,0.14484060335381546,200,1000,20260916
audit,cifar10_gist512,128,final,matched_single,-0.030968998846962102,-0.040180771242879915,-0.022376414714403745,0.22162249894357877,0.16708283610075178,0.2753496896179706,200,1000,20260916
audit,cifar10_gist512,128,final,matched_neyman,0.007131395097589949,-0.0005085080782279945,0.014543529345159678,-0.07016519350866268,-0.14628633449428455,0.0046236400395342735,200,1000,20260916
audit,cifar10_gist512,256,final,current_approx,-0.045620875559553103,-0.0544316740624244,-0.037244715029313,0.41389619931133526,0.3551150141177816,0.4641026853005768,200,1000,20260916
audit,cifar10_gist512,256,final,uniform_mc,-0.05506695508236162,-0.06530692356810336,-0.04487332696210367,0.46016031127040624,0.4055814031330437,0.5089909908762855,200,1000,20260916
audit,cifar10_gist512,256,final,deann,-0.010045267156464546,-0.015565379617411107,-0.003831717298989409,0.1345695896107223,0.05313830458315748,0.20384656287042643,200,1000,20260916
audit,cifar10_gist512,256,final,matched_single,-0.014996024624016528,-0.019760242426865804,-0.00992497900262445,0.18839667975950358,0.12768811383421458,0.24258623510518915,200,1000,20260916
audit,cifar10_gist512,256,final,matched_neyman,0.006092764445575094,0.001934980709968231,0.010111931525388692,-0.10413318072018685,-0.17464905624232632,-0.03273853095597614,200,1000,20260916
audit,cifar10_gist512,512,final,current_approx,-0.036484537849777496,-0.042338351075418355,-0.031060199479901247,0.5295892364027331,0.48309112093317436,0.5729905162351893,200,1000,20260916
audit,cifar10_gist512,512,final,uniform_mc,-0.044659570281216074,-0.051343985789658285,-0.0384620541469695,0.5794888620879517,0.5368355224056789,0.6194983417487371,200,1000,20260916
audit,cifar10_gist512,512,final,deann,-0.012298847843004768,-0.016058313043533293,-0.00833859025855556,0.275102290358202,0.19684999672123324,0.3371929673201697,200,1000,20260916
audit,cifar10_gist512,512,final,matched_single,-0.007483998023107385,-0.010093834071422673,-0.005214463470414552,0.1876083503891569,0.13584728719629202,0.24024009816736228,200,1000,20260916
audit,cifar10_gist512,512,final,matched_neyman,0.00194025271770373,-0.0003922481084724724,0.0042024465070431335,-0.06368300851145525,-0.14491371000132097,0.01275578627914993,200,1000,20260916
audit,isolet,32,final,current_approx,-0.16287910839683087,-0.22912994468449333,-0.1040012410826945,0.30953486903230765,0.21619606349723602,0.3956358583376367,200,1000,20260916
audit,isolet,32,final,uniform_mc,-0.26207813238632427,-0.3915718741708181,-0.16946255540022362,0.41905344238181674,0.31331284742572646,0.5218740481450037,200,1000,20260916
audit,isolet,32,final,deann,-0.019282017832074273,-0.05021917926722754,0.015634668686144996,0.05039615349093274,-0.04186250951007936,0.12600697633408714,200,1000,20260916
audit,isolet,32,final,matched_single,-0.06980993222726944,-0.09981858653205687,-0.03948137308674728,0.16117292913192827,0.09318190110786816,0.22001272775913472,200,1000,20260916
audit,isolet,32,final,matched_neyman,-0.15022457702008923,-0.19246906809623748,-0.1094440969171605,0.2925209706644364,0.22602391116659226,0.3526527324630234,200,1000,20260916
audit,isolet,64,final,current_approx,-0.17100684636742458,-0.19577935141144479,-0.1474776702672104,0.46622261867528036,0.42383394850413997,0.5033731820780462,200,1000,20260916
audit,isolet,64,final,uniform_mc,-0.21005873721650606,-0.25273870011041993,-0.1732104732925249,0.5175847392474586,0.4657655701855481,0.5679165975791879,200,1000,20260916
audit,isolet,64,final,deann,-0.003252595772593786,-0.019945395884390864,0.014757965703089905,0.016341581381274284,-0.0777758116791179,0.09582393813537625,200,1000,20260916
audit,isolet,64,final,matched_single,-0.06823586053064581,-0.08273556947466999,-0.052350744080555234,0.25844834524657356,0.20519978200774164,0.30377072258864557,200,1000,20260916
audit,isolet,64,final,matched_neyman,-0.009672758640823658,-0.022681882525193122,0.005099610884137477,0.047078968411532585,-0.025255545620553543,0.10632057313353752,200,1000,20260916
audit,isolet,128,final,current_approx,-0.16081172037480315,-0.1868453328406788,-0.1366679635021163,0.5797103085994362,0.53551147572245,0.6224223682564756,200,1000,20260916
audit,isolet,128,final,uniform_mc,-0.18984150630721672,-0.2268097952180984,-0.15653108126909382,0.6195266540840626,0.5681992529575571,0.6650851225925529,200,1000,20260916
audit,isolet,128,final,deann,0.0257000098718438,0.016234219233876843,0.035113203525790976,-0.2827644375325391,-0.40224052415229583,-0.16910411608500883,200,1000,20260916
audit,isolet,128,final,matched_single,-0.033545701813751785,-0.04174355358658125,-0.02543203387673313,0.22343822738363095,0.17604063446695387,0.2679670106552836,200,1000,20260916
audit,isolet,128,final,matched_neyman,0.011192738087193952,0.002873644791926427,0.018985349195879322,-0.10619731278671996,-0.18878905099951,-0.026139330765510935,200,1000,20260916
audit,isolet,256,final,current_approx,-0.1356283394739789,-0.15680285705639102,-0.11639221364723443,0.7054381289830671,0.6678817786636213,0.7403170502732982,200,1000,20260916
audit,isolet,256,final,uniform_mc,-0.1558881440326479,-0.177479081483841,-0.1355444418945151,0.7335189655608374,0.7010077565610462,0.7635101031540008,200,1000,20260916
audit,isolet,256,final,deann,0.010941059963986623,0.0069272560315049615,0.015428697525379176,-0.23945377494974052,-0.3573683506418427,-0.14367567625799152,200,1000,20260916
audit,isolet,256,final,matched_single,-0.015686756904743065,-0.02009671234296395,-0.011270854431370853,0.21690891480402474,0.16282921127262723,0.26626267669202897,200,1000,20260916
audit,isolet,256,final,matched_neyman,0.009805114395501574,0.0059027790104659375,0.013652464962298817,-0.20938711750995198,-0.2990120334360656,-0.1225521648452062,200,1000,20260916
audit,isolet,512,final,current_approx,-0.095001329585842,-0.1065604546193632,-0.08484789316649084,0.7953591189630761,0.7702503252250792,0.8189390497917517,200,1000,20260916
audit,isolet,512,final,uniform_mc,-0.11763190951377417,-0.1321388578829022,-0.10455111269403562,0.8279555424090512,0.8049590247842469,0.8484698262088384,200,1000,20260916
audit,isolet,512,final,deann,-0.0016317974226053849,-0.00411319864275936,0.0005709718960209791,0.06258082173860369,-0.02365998972765056,0.14591424074178228,200,1000,20260916
audit,isolet,512,final,matched_single,-0.005407799267566578,-0.007368360672584478,-0.0033732829706756905,0.18115948238098845,0.11834317262990618,0.23367948141157163,200,1000,20260916
audit,isolet,512,final,matched_neyman,0.004164370694625039,0.0027588131511713018,0.005675195125509488,-0.20535514712966263,-0.28611158636949396,-0.1336809707528119,200,1000,20260916
test,amazon,32,final,current_approx,-0.06255955281111245,-0.12089791549276159,-0.021542511586900088,0.2663314996686087,0.1065998525771809,0.4155466222122807,200,1000,20260916
test,amazon,32,final,uniform_mc,-0.08158761967851323,-0.13605199834418774,-0.04135896477836675,0.32131024929519547,0.18897529814523564,0.4451901287024555,200,1000,20260916
test,amazon,32,final,deann,-0.02579708186780324,-0.03709063325051771,-0.01429753565374908,0.13020209306578157,0.07473854921039848,0.18092633754521378,200,1000,20260916
test,amazon,32,final,matched_single,-0.04171343951494158,-0.05486775918959004,-0.027686383113295444,0.19487941154366517,0.13817183603192307,0.24552163990265374,200,1000,20260916
test,amazon,32,final,matched_neyman,-0.10956910673317242,-0.12320435039686228,-0.09538217240695443,0.3886764749980316,0.3518001168274877,0.4230280259275163,200,1000,20260916
test,amazon,64,final,current_approx,-0.07801225336324237,-0.11955052449229613,-0.045574247693183814,0.40716115267169684,0.27966547602201103,0.522068683041993,200,1000,20260916
test,amazon,64,final,uniform_mc,-0.09395241596948095,-0.15065238049773666,-0.05058295373019577,0.45269416068180035,0.30441438978550506,0.5816836380225748,200,1000,20260916
test,amazon,64,final,deann,-0.0035326874878199065,-0.011327785400337033,0.004375162676309295,0.030162750318979747,-0.03904194098656228,0.09396225186033141,200,1000,20260916
test,amazon,64,final,matched_single,-0.02676242074197968,-0.036121510158314586,-0.01753300122797649,0.1906826231676121,0.13027045057874528,0.24663097813039267,200,1000,20260916
test,amazon,64,final,matched_neyman,-0.00850148615840735,-0.01705029658076313,-0.00029951323953158896,0.06963313452474673,0.002576477433460334,0.1332653551108678,200,1000,20260916
test,amazon,128,final,current_approx,-0.11687414933444762,-0.16426024544310125,-0.07715468063629659,0.6334346961991209,0.5218741000786885,0.7132292643148288,200,1000,20260916
test,amazon,128,final,uniform_mc,-0.08010080651989206,-0.12139598982655644,-0.04496225877232306,0.5421915374070337,0.3956304725398075,0.6498288352312628,200,1000,20260916
test,amazon,128,final,deann,0.009422818073528043,0.0053866771753440686,0.013398857133723695,-0.16187173534215882,-0.23662868121246491,-0.09150915453806449,200,1000,20260916
test,amazon,128,final,matched_single,-0.01450243524684995,-0.019407554204030314,-0.00997342373204201,0.17656421946046919,0.12623011177848453,0.22683820252463635,200,1000,20260916
test,amazon,128,final,matched_neyman,-0.0005408388157879337,-0.005195255892307004,0.004023186696917761,0.007933062192367224,-0.06222148760336218,0.07343249273543237,200,1000,20260916
test,amazon,256,final,current_approx,-0.10957111481843969,-0.14195621652453216,-0.08048444568221433,0.7582124161485511,0.6936100120881062,0.8059446435906517,200,1000,20260916
test,amazon,256,final,uniform_mc,-0.07333233725987559,-0.11016318286942164,-0.04100800103289954,0.6772870323104716,0.528522364788627,0.7632725632040365,200,1000,20260916
test,amazon,256,final,deann,0.014550740769735815,0.012369271584632814,0.016765459968982106,-0.7136014975363028,-0.8363740200285535,-0.5897861633275164,200,1000,20260916
test,amazon,256,final,matched_single,-0.007887551341661695,-0.010615044685734371,-0.0049930702265517145,0.1841643949073437,0.12163670932200477,0.23834356227441805,200,1000,20260916
test,amazon,256,final,matched_neyman,-0.0005305959947867774,-0.0030265725153497377,0.0021088589599595597,0.014958203661414093,-0.060000837758623624,0.08198901397998778,200,1000,20260916
test,amazon,512,final,current_approx,-0.09089041324115268,-0.1079006169384106,-0.07382042644737724,0.8782230027050072,0.8523784935547252,0.8968285395645698,200,1000,20260916
test,amazon,512,final,uniform_mc,-0.03491160738979592,-0.047923566591605855,-0.023726507308092507,0.7347531913644206,0.6491936665218262,0.7968643786689987,200,1000,20260916
test,amazon,512,final,deann,0.007894128043271494,0.007198300862909389,0.008635649832082676,-1.6763897133051233,-1.852532605516614,-1.510021122534036,200,1000,20260916
test,amazon,512,final,matched_single,-0.0024044668767636587,-0.0033678571988437324,-0.0014941906546014367,0.1602166130266196,0.10488749283354455,0.21717083168296958,200,1000,20260916
test,amazon,512,final,matched_neyman,0.00043951722454769066,-0.00033596539380183497,0.0012475839883871619,-0.03613376320751316,-0.11025829339347876,0.02754647729283411,200,1000,20260916
test,cifar10,32,final,current_approx,-0.13459850212904506,-0.16396927831879968,-0.10691164230128462,0.31313961624562237,0.26088932546230725,0.3616214755055728,200,1000,20260916
test,cifar10,32,final,uniform_mc,-0.12632598967457828,-0.16911873258811427,-0.08998951561098384,0.29966105629695683,0.22966472484016948,0.3674713572840832,200,1000,20260916
test,cifar10,32,final,deann,-0.08275578404388086,-0.1069365235732205,-0.05829261947827461,0.21893486584450383,0.161615173196049,0.2752528446616505,200,1000,20260916
test,cifar10,32,final,matched_single,-0.11595721530978778,-0.14440658219622377,-0.0881846803087738,0.2820011343922655,0.22602840319930514,0.33435800759931317,200,1000,20260916
test,cifar10,32,final,matched_neyman,-0.14648789651360974,-0.18207902863554914,-0.11403637122735681,0.3316270398801717,0.27245564494681823,0.38683082378246275,200,1000,20260916
test,cifar10,64,final,current_approx,-0.11019102342137707,-0.1319750331945807,-0.08892042615854077,0.3680377057587577,0.3162641358510547,0.4149988217847124,200,1000,20260916
test,cifar10,64,final,uniform_mc,-0.12233193949194388,-0.14152312346650958,-0.10402402073694351,0.39266549948898044,0.3493820281569421,0.431983313628294,200,1000,20260916
test,cifar10,64,final,deann,-0.030278765915445635,-0.04597905609946703,-0.016080078028109845,0.13795105500662896,0.07590107664586491,0.20399260775118927,200,1000,20260916
test,cifar10,64,final,matched_single,-0.07659723657290629,-0.09245666158560271,-0.06046657557165992,0.28816789984902835,0.23549502758453714,0.33624624449101764,200,1000,20260916
test,cifar10,64,final,matched_neyman,0.007630562847932818,-0.005805852076615226,0.0211126903921768,-0.04202317710515002,-0.11917551348734431,0.03141956837197769,200,1000,20260916
test,cifar10,128,final,current_approx,-0.09290147482618695,-0.10880668509705083,-0.07815488483910134,0.4525263704840272,0.40440844374073326,0.4967039378519548,200,1000,20260916
test,cifar10,128,final,uniform_mc,-0.10750453345384742,-0.12259420957339848,-0.09316861547733445,0.4888831425530772,0.44876428791280215,0.5242880843687528,200,1000,20260916
test,cifar10,128,final,deann,-0.01691282933280288,-0.02593381468792833,-0.008257756174637473,0.13079641851291035,0.06535854304947188,0.19621308148901345,200,1000,20260916
test,cifar10,128,final,matched_single,-0.036493313301955335,-0.0448084523442943,-0.027512998372032346,0.24510745081258367,0.1912780968906165,0.29427568497958967,200,1000,20260916
test,cifar10,128,final,matched_neyman,0.013839726929705287,0.006299625806268353,0.0220063308753762,-0.14042791183561354,-0.22850574419457537,-0.0629026671931948,200,1000,20260916
test,cifar10,256,final,current_approx,-0.07939700487732321,-0.08823594547359156,-0.07053007253138088,0.5736157395826702,0.5409075118780386,0.6044655017262188,200,1000,20260916
test,cifar10,256,final,uniform_mc,-0.09388049392993182,-0.10448070679230888,-0.08346391026923569,0.6140054978708276,0.5812916441609776,0.6425399184388922,200,1000,20260916
test,cifar10,256,final,deann,-0.022812379062048836,-0.028218000473194237,-0.01719395334478691,0.27877652888397264,0.22122636194970766,0.3280020872861112,200,1000,20260916
test,cifar10,256,final,matched_single,-0.018669399461189815,-0.02282600449838515,-0.014659641181868532,0.24031449353757695,0.19385871914732983,0.28392136688683905,200,1000,20260916
test,cifar10,256,final,matched_neyman,0.0076935437375399976,0.0040674787749191916,0.011152956259198807,-0.14990025533268447,-0.2279529671880017,-0.07735540894588515,200,1000,20260916
test,cifar10,512,final,current_approx,-0.06874402465750172,-0.07600547528207485,-0.061564880107077745,0.7319451375578228,0.7030976816294242,0.7568158824412364,200,1000,20260916
test,cifar10,512,final,uniform_mc,-0.07446530984573335,-0.08339411542752093,-0.06654303161971817,0.7473365873421198,0.7200566675131976,0.7732190702737135,200,1000,20260916
test,cifar10,512,final,deann,-0.019924910829558388,-0.022836332042799026,-0.01691355643793135,0.4417888662218825,0.3959689876470208,0.4808569249226791,200,1000,20260916
test,cifar10,512,final,matched_single,-0.010186782428223356,-0.012306373605577226,-0.007976550755905776,0.2880681950454068,0.23235069438433267,0.3360223813495672,200,1000,20260916
test,cifar10,512,final,matched_neyman,0.0030032472695013623,0.0013811925882636082,0.004700693025670197,-0.13544999363526067,-0.21645960729026648,-0.05958212498582746,200,1000,20260916
test,cifar10_gist512,32,final,current_approx,-0.055631843139279394,-0.08369081785428555,-0.03013987618874583,0.18009628319565862,0.10425059286619634,0.25186747553077876,200,1000,20260916
test,cifar10_gist512,32,final,uniform_mc,-0.06786065523318731,-0.09469760650697123,-0.040938497810845076,0.21131874145942697,0.13497844416330604,0.279350570844264,200,1000,20260916
test,cifar10_gist512,32,final,deann,-0.037645609350651435,-0.0582720635175876,-0.017146719645033663,0.12940445233149722,0.061743180538486125,0.19306322016709848,200,1000,20260916
test,cifar10_gist512,32,final,matched_single,-0.07108874953543098,-0.0949458258915385,-0.046800110570307966,0.2191679132006047,0.15372005476350595,0.27971195322147496,200,1000,20260916
test,cifar10_gist512,32,final,matched_neyman,-0.16530132493282473,-0.19645975594245946,-0.13619194368372567,0.3949191474233248,0.34286983423716694,0.4438044668349739,200,1000,20260916
test,cifar10_gist512,64,final,current_approx,-0.04093030545647853,-0.05904431570245198,-0.025104609518987665,0.19535282558956124,0.12496501678945136,0.26320430712737525,200,1000,20260916
test,cifar10_gist512,64,final,uniform_mc,-0.070618939916188,-0.09347318925247022,-0.049380985231572076,0.2952191425921178,0.22272481878685518,0.361141389053402,200,1000,20260916
test,cifar10_gist512,64,final,deann,-0.018327427644466775,-0.03269599281223597,-0.005921589611182674,0.09805114023829997,0.03160284080243297,0.16924396429607116,200,1000,20260916
test,cifar10_gist512,64,final,matched_single,-0.041932798355773133,-0.055511740186743666,-0.029333747680329064,0.19918449902138002,0.14153030161739838,0.2558627746328382,200,1000,20260916
test,cifar10_gist512,64,final,matched_neyman,-0.008949195378226216,-0.021829498784923254,0.005457532970541774,0.05040698503570973,-0.030782238115224476,0.11968965332408503,200,1000,20260916
test,cifar10_gist512,128,final,current_approx,-0.05362483760081406,-0.07329483371552066,-0.039261145125020186,0.33701074803379716,0.26920078293930977,0.4120194105345989,200,1000,20260916
test,cifar10_gist512,128,final,uniform_mc,-0.05340797941050262,-0.06586259399030421,-0.04299320034414569,0.3361059484994856,0.2839384034776721,0.39063723195859235,200,1000,20260916
test,cifar10_gist512,128,final,deann,-0.0163693775985382,-0.026486135266465646,-0.00775834156630586,0.1343253928100684,0.06568711145181319,0.2044403412178237,200,1000,20260916
test,cifar10_gist512,128,final,matched_single,-0.028550126560068768,-0.03635283371264501,-0.021094971780021152,0.21299013461020033,0.16340440762929961,0.26110746817033637,200,1000,20260916
test,cifar10_gist512,128,final,matched_neyman,0.004758867838551431,-0.0015314296412143624,0.01119770420550313,-0.0472412816298704,-0.11377572458589244,0.014959302405402365,200,1000,20260916
test,cifar10_gist512,256,final,current_approx,-0.044642208471079844,-0.05481134368347295,-0.035111002358605405,0.41377597582982306,0.35087467431492103,0.4718759521364543,200,1000,20260916
test,cifar10_gist512,256,final,uniform_mc,-0.052479088559727556,-0.06255441311981613,-0.04215951743215084,0.4534744037500996,0.39139951746380286,0.5041064679494646,200,1000,20260916
test,cifar10_gist512,256,final,deann,-0.004771420814409004,-0.010013519015714761,0.0005119401135897364,0.07014833717232494,-0.007844288544083542,0.14123401639735333,200,1000,20260916
test,cifar10_gist512,256,final,matched_single,-0.014611837350044126,-0.01965503696149356,-0.009619456341676125,0.18766945787925426,0.1287023542665685,0.24403493859125866,200,1000,20260916
test,cifar10_gist512,256,final,matched_neyman,0.004941689734180493,0.0007079073546529003,0.009355440020052803,-0.08475453320332571,-0.16896129361878928,-0.011377811776663041,200,1000,20260916
test,cifar10_gist512,512,final,current_approx,-0.03842028111162649,-0.045349511491392366,-0.032280019333176216,0.540181811969099,0.4909804664292219,0.5882097552584986,200,1000,20260916
test,cifar10_gist512,512,final,uniform_mc,-0.04560782912064653,-0.053560157775046385,-0.03816666073790914,0.5823842064197543,0.5323207204259937,0.6294893070063025,200,1000,20260916
test,cifar10_gist512,512,final,deann,-0.007648015563846094,-0.010660467038754843,-0.00489443615491697,0.18953035996530843,0.12762909694230212,0.24869636851266305,200,1000,20260916
test,cifar10_gist512,512,final,matched_single,-0.006961549280236075,-0.009545351769255073,-0.004406699161255567,0.17550423627968703,0.11701996736338614,0.22977265946986808,200,1000,20260916
test,cifar10_gist512,512,final,matched_neyman,0.00341341170905867,0.0013399763597646186,0.005253069782760662,-0.11653437332193328,-0.18863864452350898,-0.044987820374076795,200,1000,20260916
test,isolet,32,final,current_approx,-0.19101095002135143,-0.23646616225765588,-0.14818210166290488,0.35171242258239743,0.2897960907851149,0.4078739182147841,200,1000,20260916
test,isolet,32,final,uniform_mc,-0.2134304562240031,-0.2671639261107929,-0.16704580138836456,0.37741371913440847,0.3118293254291353,0.44039556992316037,200,1000,20260916
test,isolet,32,final,deann,-0.018489152228339176,-0.049966908431261704,0.01608584902468366,0.04989427068807628,-0.04458304861262283,0.13053723839221457,200,1000,20260916
test,isolet,32,final,matched_single,-0.08838006741906873,-0.12372257046726173,-0.05312710288851648,0.2006551288337105,0.1233823672092174,0.27139180899452175,200,1000,20260916
test,isolet,32,final,matched_neyman,-0.20514912507239413,-0.25600960886643936,-0.15838523276441685,0.3681610326216267,0.3029375531273107,0.42881973598106726,200,1000,20260916
test,isolet,64,final,current_approx,-0.17925970548334427,-0.21855897145969852,-0.14330853251600126,0.4606073361092995,0.39682414055405435,0.5185970199631283,200,1000,20260916
test,isolet,64,final,uniform_mc,-0.2291500370339603,-0.2822174959262087,-0.18281749220451327,0.5218968488104379,0.458354034861212,0.5802777894707059,200,1000,20260916
test,isolet,64,final,deann,0.019712391196522544,0.0033564682024884982,0.03792380633457177,-0.10363538428349672,-0.20702123406692732,-0.0166499142960801,200,1000,20260916
test,isolet,64,final,matched_single,-0.05732786163336389,-0.07292284035262495,-0.04016314258091965,0.21451077473816693,0.1564254329000201,0.26421364468261055,200,1000,20260916
test,isolet,64,final,matched_neyman,0.004675139655250913,-0.008592982004314154,0.01992379309586496,-0.02277818852561686,-0.10095759247300115,0.040212444134418136,200,1000,20260916
test,isolet,128,final,current_approx,-0.16368195600652158,-0.1878096028415209,-0.1420595229370263,0.5980149406416857,0.5561441760935462,0.6371589048145715,200,1000,20260916
test,isolet,128,final,uniform_mc,-0.1972087622556492,-0.22581098215857384,-0.16954365788505205,0.6418811938244893,0.6029947529990346,0.6790860232184667,200,1000,20260916
test,isolet,128,final,deann,0.02215193797164913,0.014369307536271038,0.030160704466311732,-0.25208489197891915,-0.3600014699073943,-0.15592818931992675,200,1000,20260916
test,isolet,128,final,matched_single,-0.030684845817525685,-0.039374671015760754,-0.022474453762078534,0.21806890613979213,0.1648928640606769,0.2684847274196091,200,1000,20260916
test,isolet,128,final,matched_neyman,0.012700470993385051,0.005117298853678449,0.019224736950955786,-0.13049361319785913,-0.20542242129858884,-0.05060333688123624,200,1000,20260916
test,isolet,256,final,current_approx,-0.1533514917450214,-0.17759118534672969,-0.13241431529601919,0.743286014755991,0.7079660079067076,0.7767482317859499,200,1000,20260916
test,isolet,256,final,uniform_mc,-0.1738545860464329,-0.1994198435362792,-0.15043375915573046,0.7664914711015993,0.7337107051826729,0.7955835639322164,200,1000,20260916
test,isolet,256,final,deann,0.006578343862864423,0.0020086282445844414,0.0114127314281081,-0.14181819668896245,-0.26171526701601544,-0.040632932651828005,200,1000,20260916
test,isolet,256,final,matched_single,-0.01601821948880313,-0.020550325396750335,-0.01156669015557141,0.23220761932422618,0.1740203842387487,0.2875911498252325,200,1000,20260916
test,isolet,256,final,matched_neyman,0.00828592032439638,0.00471754241796818,0.011860914588528766,-0.1854578888343168,-0.2736160414659563,-0.10296497139057764,200,1000,20260916
test,isolet,512,final,current_approx,-0.10660653597927994,-0.12043714296507359,-0.09342992561804106,0.8289035249572144,0.804467765390482,0.851895641177218,200,1000,20260916
test,isolet,512,final,uniform_mc,-0.1172889024540969,-0.13075952965134757,-0.10366544933256566,0.8420248140167692,0.819672809955001,0.861314900859156,200,1000,20260916
test,isolet,512,final,deann,-0.004196518883300365,-0.006735383067965553,-0.0017717485131977342,0.160163335506041,0.07318408638174591,0.23509955834501908,200,1000,20260916
test,isolet,512,final,matched_single,-0.007428560542909794,-0.009110833560103516,-0.0056377377762744365,0.2523842293174907,0.20052574910146545,0.30007665168699277,200,1000,20260916
test,isolet,512,final,matched_neyman,0.0030122004713374405,0.0017210385725275998,0.004407854811613043,-0.1585971676391178,-0.2391863246774894,-0.08753424852098546,200,1000,20260916
