phase,dataset,method,budget,mean_relative_error,median_query_mean_error,p90_query_mean_error,se_query_cluster,median_latency_ms,p90_latency_ms,mean_actual_samples,mean_kernel_evaluations,mean_full_dimension_distances_or_dots,low_dim_score_evaluations,observations,queries
audit,cifar10,current_approx,32,0.43666318465889237,0.38034182517800086,0.6846953107241108,0.017445493956785445,1.5826215,1.6499648999999998,32.0,32.0,92.0,0.0,1000,200
audit,cifar10,current_approx,64,0.2949720010612554,0.2758364137093833,0.45710316529451284,0.01001166899627321,1.659679,1.7062416999999999,64.0,64.0,124.0,0.0,1000,200
audit,cifar10,current_approx,128,0.22277450425993703,0.1931412490576246,0.36318195299428124,0.009141478644110747,1.8202725,1.8666852,128.0,128.0,188.0,0.0,1000,200
audit,cifar10,current_approx,256,0.1405816853278074,0.12297299216000294,0.21641066580960525,0.005246816080324866,2.15229,2.2225531000000003,256.0,256.0,316.0,0.0,1000,200
audit,cifar10,current_approx,512,0.09704956068020425,0.0801531354921321,0.15993621191717125,0.0041543393810161144,2.7753385,2.9273407999999996,512.0,512.0,572.0,0.0,1000,200
audit,cifar10,deann,32,0.365293269290965,0.35187949995469087,0.5360825217433247,0.010546141504346584,0.2715475,0.335828,32.0,32.198,372.988,0.0,1000,200
audit,cifar10,deann,64,0.23750444287068553,0.22249481796416226,0.3558326860283082,0.006751257794992931,0.317757,0.3839993,64.0,64.888,405.678,0.0,1000,200
audit,cifar10,deann,128,0.13548748289955428,0.12737485378483773,0.2067126826586858,0.0037305859353328245,0.385871,0.455121,128.0,131.382,472.172,0.0,1000,200
audit,cifar10,deann,256,0.07823981141517108,0.06999868488757745,0.12517337554025054,0.0027776530502802185,0.52366,0.6007842,256.0,269.994,610.784,0.0,1000,200
audit,cifar10,deann,512,0.04670137180598206,0.04472564371934677,0.06948681096580335,0.0016254019982916194,0.8192275,0.9180418,511.99,571.09,911.88,0.0,1000,200
audit,cifar10,exact,0,0.0,0.0,0.0,0.0,1.9898075,2.1871026000000002,1800.0,1800.0,1800.0,0.0,200,200
audit,cifar10,exact_annular,32,0.18152453182046885,0.16377079242030934,0.27425065500109613,0.009674018037824373,1.998495,2.1701166,32.0,32.0,1800.0,0.0,1000,200
audit,cifar10,exact_annular,64,0.127237586670787,0.11758532342478342,0.19253749441257736,0.0041866361447663565,1.98485,2.0557235,64.0,64.0,1800.0,0.0,1000,200
audit,cifar10,exact_annular,128,0.08984881568886761,0.08276270306353725,0.14226134664595994,0.0026762391748605487,1.9882825,2.0553941,128.0,128.0,1800.0,0.0,1000,200
audit,cifar10,exact_annular,256,0.06776184432401425,0.06102008658900085,0.10335692248307035,0.0024955170713778416,1.9943845,2.0640927,256.0,256.0,1800.0,0.0,1000,200
audit,cifar10,exact_annular,512,0.042585764302251,0.038530738507698156,0.06725079628768185,0.0015492183429032629,2.005056,2.0659631000000003,512.0,512.0,1800.0,0.0,1000,200
audit,cifar10,final,32,0.30291707534141415,0.2919089304954523,0.46707948421112855,0.009967329377095364,0.4384205,0.4845806,32.0,32.0,96.0,1800.0,1000,200
audit,cifar10,final,64,0.1929145210664598,0.18318290229108672,0.306439559312353,0.005676405613654624,0.519205,0.5420753,64.0,64.0,128.0,1800.0,1000,200
audit,cifar10,final,128,0.11598450749988756,0.11183066603978076,0.16337753025172333,0.003174490807569356,0.6854295,0.7147403,128.0,128.0,192.0,1800.0,1000,200
audit,cifar10,final,256,0.058286696601876915,0.05448188620213365,0.09268090135983696,0.0017588624473465326,1.0037595,1.0553359,256.0,256.0,320.0,1800.0,1000,200
audit,cifar10,final,512,0.026022230179695925,0.02435675197142843,0.039706416055570015,0.000845560094982924,1.668353,1.8153669,512.0,512.0,576.0,1800.0,1000,200
audit,cifar10,matched_neyman,32,0.4918605591525509,0.43608037138437783,0.7620193706273273,0.020792863960301656,0.720043,0.7533652,32.0,32.0,96.0,1800.0,1000,200
audit,cifar10,matched_neyman,64,0.18577400924528922,0.1731386061209491,0.28279648419677783,0.00571800159491732,0.838007,0.8644905,64.0,64.0,128.0,1800.0,1000,200
audit,cifar10,matched_neyman,128,0.1033330113947074,0.10006325616052503,0.15556487891355736,0.002914656108082389,1.033934,1.0735268,128.0,128.0,192.0,1800.0,1000,200
audit,cifar10,matched_neyman,256,0.05004191004961889,0.04760851852258145,0.07401263584769976,0.0014841088423484822,1.3715835,1.4247702,256.0,256.0,320.0,1800.0,1000,200
audit,cifar10,matched_neyman,512,0.02133535669561299,0.020013817284474822,0.035258029690995424,0.000685850184748706,2.027353,2.1178571,512.0,512.0,576.0,1800.0,1000,200
audit,cifar10,matched_proportional,32,0.30291707534141415,0.2919089304954523,0.46707948421112855,0.009967329377095364,0.4384205,0.4845806,32.0,32.0,96.0,1800.0,1000,200
audit,cifar10,matched_proportional,64,0.1929145210664598,0.18318290229108672,0.306439559312353,0.005676405613654624,0.519205,0.5420753,64.0,64.0,128.0,1800.0,1000,200
audit,cifar10,matched_proportional,128,0.11598450749988756,0.11183066603978076,0.16337753025172333,0.003174490807569356,0.6854295,0.7147403,128.0,128.0,192.0,1800.0,1000,200
audit,cifar10,matched_proportional,256,0.058286696601876915,0.05448188620213365,0.09268090135983696,0.0017588624473465326,1.0037595,1.0553359,256.0,256.0,320.0,1800.0,1000,200
audit,cifar10,matched_proportional,512,0.026022230179695925,0.02435675197142843,0.039706416055570015,0.000845560094982924,1.668353,1.8153669,512.0,512.0,576.0,1800.0,1000,200
audit,cifar10,matched_single,32,0.4083121440548117,0.3777761338323262,0.6374029841456076,0.01239528523706544,0.3287855,0.3487894,32.0,32.0,96.0,1800.0,1000,200
audit,cifar10,matched_single,64,0.25760968926473704,0.2428102014134028,0.38357965399123845,0.007239480469213101,0.420944,0.440706,64.0,64.0,128.0,1800.0,1000,200
audit,cifar10,matched_single,128,0.14813907782939573,0.1434384260588575,0.22582490370667443,0.004209237394941736,0.585212,0.6103743,128.0,128.0,192.0,1800.0,1000,200
audit,cifar10,matched_single,256,0.08013202419454998,0.07834224110160223,0.11568479840308553,0.0017859273296415036,0.9070645,0.9468366,256.0,256.0,320.0,1800.0,1000,200
audit,cifar10,matched_single,512,0.03415944760447908,0.0325745666406318,0.05220905957956934,0.0010645083139814932,1.5511735,1.6592907,512.0,512.0,576.0,1800.0,1000,200
audit,cifar10,uniform_mc,32,0.4237192203886768,0.3668581543482228,0.6304979320174039,0.015411291095452091,0.1456375,0.161493,32.0,32.0,32.0,0.0,1000,200
audit,cifar10,uniform_mc,64,0.3233902578738145,0.288194130760997,0.531009827872936,0.01180351224408999,0.247352,0.25903,64.0,64.0,64.0,0.0,1000,200
audit,cifar10,uniform_mc,128,0.22211339265072183,0.20588388784941952,0.33113087709088773,0.008285616480803067,0.4116035,0.4323451,128.0,128.0,128.0,0.0,1000,200
audit,cifar10,uniform_mc,256,0.15412188667064408,0.13475385861860234,0.24813648411967273,0.006336283069657409,0.7265945,0.761165,256.0,256.0,256.0,0.0,1000,200
audit,cifar10,uniform_mc,512,0.09803076089927862,0.08969022896454183,0.15506168688787042,0.003967008329037427,1.360399,1.4655513,512.0,512.0,512.0,0.0,1000,200
audit,cifar10_gist512,current_approx,32,0.32700184184040915,0.27438272869375546,0.4943240226116369,0.016954335992760652,1.12668,1.1821685,32.0,32.0,92.0,0.0,1000,200
audit,cifar10_gist512,current_approx,64,0.2270401270415083,0.20215888105378266,0.33994076909038906,0.009939281544279624,1.145715,1.1724811000000002,64.0,64.0,124.0,0.0,1000,200
audit,cifar10_gist512,current_approx,128,0.1486654746619528,0.13590261434314188,0.2324748734560342,0.005097282963663423,1.2614275,1.30018,128.0,128.0,188.0,0.0,1000,200
audit,cifar10_gist512,current_approx,256,0.11022298739505168,0.09387714283454868,0.1842939964304804,0.004172414112320711,1.3569345,1.3851759,256.0,256.0,316.0,0.0,1000,200
audit,cifar10_gist512,current_approx,512,0.06889214383887579,0.05856183740755484,0.10753544008508785,0.0028770896780265305,1.4608865,1.5247772,512.0,512.0,572.0,0.0,1000,200
audit,cifar10_gist512,deann,32,0.30353794981612675,0.29172732314846217,0.4566950113530617,0.008603833483899917,0.0690445,0.10861190000000001,32.0,32.206,369.121,0.0,1000,200
audit,cifar10_gist512,deann,64,0.197806262007849,0.18738395898366214,0.29719923953539656,0.005567862395390934,0.0735185,0.0848362,64.0,64.878,401.793,0.0,1000,200
audit,cifar10_gist512,deann,128,0.11796623037703115,0.1080844340344264,0.17681193752276633,0.0032428436749080297,0.085963,0.0992201,128.0,131.502,468.417,0.0,1000,200
audit,cifar10_gist512,deann,256,0.07464737899196312,0.06696519403881653,0.11759038049051294,0.002381279877638202,0.1132975,0.1279107,256.0,270.264,607.179,0.0,1000,200
audit,cifar10_gist512,deann,512,0.04470645383210307,0.03900061439612784,0.07148419227010079,0.0017532583766220607,0.190165,0.20612039999999998,511.885,570.425,907.34,0.0,1000,200
audit,cifar10_gist512,exact,0,0.0,0.0,0.0,0.0,0.3799345,0.3880635,1800.0,1800.0,1800.0,0.0,200,200
audit,cifar10_gist512,exact_annular,32,0.1503372479292873,0.13896402556075169,0.24452069587917413,0.004765260140043843,0.5639215,0.589587,32.0,32.0,1800.0,0.0,1000,200
audit,cifar10_gist512,exact_annular,64,0.11304748750519672,0.10697548363275275,0.17005911530315912,0.0038170411209935357,0.5591045,0.579538,64.0,64.0,1800.0,0.0,1000,200
audit,cifar10_gist512,exact_annular,128,0.08139537787288534,0.0722929949538405,0.12429025887909241,0.003706815054221478,0.5620735,0.5800955,128.0,128.0,1800.0,0.0,1000,200
audit,cifar10_gist512,exact_annular,256,0.055968882172980926,0.04915969213386466,0.08534556704349111,0.002486066771689653,0.566635,0.5867171,256.0,256.0,1800.0,0.0,1000,200
audit,cifar10_gist512,exact_annular,512,0.03656038837087911,0.03199563945956738,0.05680405759537028,0.001541760971719955,0.576696,0.5972884,512.0,512.0,1800.0,0.0,1000,200
audit,cifar10_gist512,final,32,0.2614144196478369,0.23268892982565498,0.42809947294299994,0.008743597391675812,0.3039855,0.3357664,32.0,32.0,96.0,1800.0,1000,200
audit,cifar10_gist512,final,64,0.16547090973948098,0.15728489208446375,0.2530926246727717,0.00505204136062293,0.3161345,0.32409709999999997,64.0,64.0,128.0,1800.0,1000,200
audit,cifar10_gist512,final,128,0.10876861351001386,0.09746303107019279,0.17120246816952547,0.003401480388613758,0.3764705,0.3885774,128.0,128.0,192.0,1800.0,1000,200
audit,cifar10_gist512,final,256,0.06460211183549858,0.06172157157721635,0.09587873470716585,0.002495232195862662,0.4732815,0.4826101,256.0,256.0,320.0,1800.0,1000,200
audit,cifar10_gist512,final,512,0.032407605989098295,0.029177329965773074,0.04949289508367838,0.0011076951890547962,0.629509,0.6483328,512.0,512.0,576.0,1800.0,1000,200
audit,cifar10_gist512,matched_neyman,32,0.4193217858445717,0.3862257157497454,0.6291996974114527,0.01473342923987115,0.568154,0.6141874,32.0,32.0,96.0,1800.0,1000,200
audit,cifar10_gist512,matched_neyman,64,0.1786061667808333,0.17307628376428918,0.268927205956604,0.005423668895184696,0.609383,0.6231433000000001,64.0,64.0,128.0,1800.0,1000,200
audit,cifar10_gist512,matched_neyman,128,0.10163721841242392,0.09285626229627544,0.15464717667932326,0.0028622550729831197,0.6559335,0.671106,128.0,128.0,192.0,1800.0,1000,200
audit,cifar10_gist512,matched_neyman,256,0.05850934738992348,0.05617164884720082,0.0893101286428227,0.001937459648366588,0.7895525,0.8079409000000001,256.0,256.0,320.0,1800.0,1000,200
audit,cifar10_gist512,matched_neyman,512,0.030467353271394566,0.02823077625175645,0.04800156384073122,0.001015589066440026,0.9601985,0.9795658,512.0,512.0,576.0,1800.0,1000,200
audit,cifar10_gist512,matched_proportional,32,0.2614144196478369,0.23268892982565498,0.42809947294299994,0.008743597391675812,0.3039855,0.3357664,32.0,32.0,96.0,1800.0,1000,200
audit,cifar10_gist512,matched_proportional,64,0.16547090973948098,0.15728489208446375,0.2530926246727717,0.00505204136062293,0.3161345,0.32409709999999997,64.0,64.0,128.0,1800.0,1000,200
audit,cifar10_gist512,matched_proportional,128,0.10876861351001386,0.09746303107019279,0.17120246816952547,0.003401480388613758,0.3764705,0.3885774,128.0,128.0,192.0,1800.0,1000,200
audit,cifar10_gist512,matched_proportional,256,0.06460211183549858,0.06172157157721635,0.09587873470716585,0.002495232195862662,0.4732815,0.4826101,256.0,256.0,320.0,1800.0,1000,200
audit,cifar10_gist512,matched_proportional,512,0.032407605989098295,0.029177329965773074,0.04949289508367838,0.0011076951890547962,0.629509,0.6483328,512.0,512.0,576.0,1800.0,1000,200
audit,cifar10_gist512,matched_single,32,0.33646950450911695,0.30309808113226044,0.5409560464763751,0.010617558914949502,0.2149,0.2352398,32.0,32.0,96.0,1800.0,1000,200
audit,cifar10_gist512,matched_single,64,0.21615846453826407,0.19957276592291628,0.33022293841408396,0.006474555876864518,0.2254045,0.2333589,64.0,64.0,128.0,1800.0,1000,200
audit,cifar10_gist512,matched_single,128,0.13973761235697596,0.13483189109519,0.20681541022464886,0.0043050900463233585,0.279919,0.2923287,128.0,128.0,192.0,1800.0,1000,200
audit,cifar10_gist512,matched_single,256,0.0795981364595151,0.0741813242167378,0.11930802739595316,0.0024643453263843555,0.3759675,0.38452759999999997,256.0,256.0,320.0,1800.0,1000,200
audit,cifar10_gist512,matched_single,512,0.039891604012205685,0.038169107624340226,0.05763396151707749,0.0013707909488111347,0.533034,0.5471049,512.0,512.0,576.0,1800.0,1000,200
audit,cifar10_gist512,uniform_mc,32,0.33744961544052676,0.29186336736227864,0.5284081893556013,0.012654746925251637,0.0778265,0.0871828,32.0,32.0,32.0,0.0,1000,200
audit,cifar10_gist512,uniform_mc,64,0.2276358001023557,0.2026111932196477,0.3575249418626082,0.008350829965181859,0.083795,0.08888510000000001,64.0,64.0,64.0,0.0,1000,200
audit,cifar10_gist512,uniform_mc,128,0.18126343991694874,0.14874831132988423,0.28283149966805327,0.009605052141751017,0.1190005,0.12289,128.0,128.0,128.0,0.0,1000,200
audit,cifar10_gist512,uniform_mc,256,0.11966906691786021,0.10052780606548198,0.19324032492735138,0.005530003161902179,0.2080765,0.212551,256.0,256.0,256.0,0.0,1000,200
audit,cifar10_gist512,uniform_mc,512,0.07706717627031438,0.0647454373526567,0.13508152337853202,0.0032297840980694175,0.361207,0.368756,512.0,512.0,512.0,0.0,1000,200
audit,isolet,current_approx,32,0.5262060100241256,0.439306653406212,0.7656948832921915,0.03110474341941121,1.025456,1.0778523,32.0,32.0,92.0,0.0,1000,200
audit,isolet,current_approx,64,0.36679225656902154,0.33096957557184015,0.5861699365402542,0.013002729061625034,1.0459605,1.09076,64.0,64.0,124.0,0.0,1000,200
audit,isolet,current_approx,128,0.2774001393270369,0.24563847955656581,0.45599169673888296,0.01248475341567106,1.1677755,1.2205466,128.0,128.0,188.0,0.0,1000,200
audit,isolet,current_approx,256,0.1922611408451873,0.16169456536726812,0.30573608045820894,0.010134874775450886,1.26733,1.3151469,256.0,256.0,316.0,0.0,1000,200
audit,isolet,current_approx,512,0.11944457204400567,0.10141388750812794,0.20220384959784576,0.005312279821853658,1.420716,1.4676186,512.0,512.0,572.0,0.0,1000,200
audit,isolet,deann,32,0.382608919459369,0.3682722874273773,0.5724757135719007,0.010266929342610375,0.076821,0.10025850000000001,32.0,32.286,324.076,0.0,1000,200
audit,isolet,deann,64,0.1990380059741908,0.19153078947984786,0.3028130759988019,0.0056236666216669924,0.0846815,0.0940155,64.0,65.098,356.888,0.0,1000,200
audit,isolet,deann,128,0.09088840908038995,0.08494327471692456,0.14981564765101618,0.0028262398347527738,0.1122485,0.1231714,128.0,132.696,424.486,0.0,1000,200
audit,isolet,deann,256,0.04569174140722179,0.04253893314528577,0.08103191055281594,0.0018046974600419007,0.1855105,0.1964816,255.865,275.523,567.313,0.0,1000,200
audit,isolet,deann,512,0.02607503988076904,0.022312947107799,0.04717572055562412,0.0011982122138405667,0.315364,0.32857020000000003,488.18,564.252,856.042,0.0,1000,200
audit,isolet,exact,0,0.0,0.0,0.0,0.0,0.433913,0.45181259999999995,1800.0,1800.0,1800.0,0.0,200,200
audit,isolet,exact_annular,32,0.17330300515521627,0.16246535836643544,0.26961729592019645,0.0053454295285524376,0.6331385,0.6534519,32.0,32.0,1800.0,0.0,1000,200
audit,isolet,exact_annular,64,0.14234950394291218,0.12724213773580736,0.23449769532314235,0.004903358589165019,0.6289885,0.6418399,64.0,64.0,1800.0,0.0,1000,200
audit,isolet,exact_annular,128,0.10167617811238532,0.09341864248749322,0.15582690901192645,0.003374440059876306,0.6313665,0.6449330999999999,128.0,128.0,1800.0,0.0,1000,200
audit,isolet,exact_annular,256,0.07696630592129405,0.0678161590335093,0.1264685442757501,0.002669916551745179,0.6361195,0.6497143000000001,256.0,256.0,1800.0,0.0,1000,200
audit,isolet,exact_annular,512,0.04998018964052056,0.0443978332164658,0.0841644092027825,0.002060572065873853,0.6462195,0.6610492,512.0,512.0,1800.0,0.0,1000,200
audit,isolet,final,32,0.3633269016272947,0.32544654545088547,0.5914266701899749,0.013201067563056609,0.3016645,0.335754,32.0,32.0,96.0,1800.0,1000,200
audit,isolet,final,64,0.195785410201597,0.18553821371799836,0.30303722383806236,0.00611425436497681,0.3161705,0.3237027,64.0,64.0,128.0,1800.0,1000,200
audit,isolet,final,128,0.11658841895223376,0.11094142416216615,0.16629574149350307,0.0034395198722536,0.38847,0.3975755,128.0,128.0,192.0,1800.0,1000,200
audit,isolet,final,256,0.056632801371208415,0.053897664736111364,0.08660428607961268,0.0015362126113843417,0.4887955,0.4978647,256.0,256.0,320.0,1800.0,1000,200
audit,isolet,final,512,0.024443242458163653,0.02342179382996872,0.036461240697739504,0.00079035670382784,0.660606,0.6729465,512.0,512.0,576.0,1800.0,1000,200
audit,isolet,matched_neyman,32,0.513551478647384,0.4499790607946218,0.8305695826881614,0.020377547089345274,0.5596505,0.5940169000000001,32.0,32.0,96.0,1800.0,1000,200
audit,isolet,matched_neyman,64,0.20545816884242069,0.1857705651341417,0.3123666801215446,0.005988876354089848,0.6049585,0.620292,64.0,64.0,128.0,1800.0,1000,200
audit,isolet,matched_neyman,128,0.10539568086503981,0.09799105463560548,0.15621651420145344,0.003549790116046185,0.656405,0.6733709,128.0,128.0,192.0,1800.0,1000,200
audit,isolet,matched_neyman,256,0.04682768697570684,0.045320452668134295,0.07285180424832209,0.0013605888876708735,0.8051125,0.8271156999999999,256.0,256.0,320.0,1800.0,1000,200
audit,isolet,matched_neyman,512,0.020278871763538618,0.019668723363785362,0.032878723685674884,0.0007326186191032086,0.989547,1.0143081999999999,512.0,512.0,576.0,1800.0,1000,200
audit,isolet,matched_proportional,32,0.3633269016272947,0.32544654545088547,0.5914266701899749,0.013201067563056609,0.3016645,0.335754,32.0,32.0,96.0,1800.0,1000,200
audit,isolet,matched_proportional,64,0.195785410201597,0.18553821371799836,0.30303722383806236,0.00611425436497681,0.3161705,0.3237027,64.0,64.0,128.0,1800.0,1000,200
audit,isolet,matched_proportional,128,0.11658841895223376,0.11094142416216615,0.16629574149350307,0.0034395198722536,0.38847,0.3975755,128.0,128.0,192.0,1800.0,1000,200
audit,isolet,matched_proportional,256,0.056632801371208415,0.053897664736111364,0.08660428607961268,0.0015362126113843417,0.4887955,0.4978647,256.0,256.0,320.0,1800.0,1000,200
audit,isolet,matched_proportional,512,0.024443242458163653,0.02342179382996872,0.036461240697739504,0.00079035670382784,0.660606,0.6729465,512.0,512.0,576.0,1800.0,1000,200
audit,isolet,matched_single,32,0.4331368338545642,0.4002368271786325,0.6809221830786978,0.013228855687057159,0.21261,0.2340304,32.0,32.0,96.0,1800.0,1000,200
audit,isolet,matched_single,64,0.2640212707322428,0.2489041976334247,0.39598317201890537,0.007224464089174362,0.2256305,0.2334092,64.0,64.0,128.0,1800.0,1000,200
audit,isolet,matched_single,128,0.15013412076598553,0.1465341926097497,0.22964279345918517,0.004206347551863966,0.29157,0.30024490000000004,128.0,128.0,192.0,1800.0,1000,200
audit,isolet,matched_single,256,0.07231955827595148,0.07015672818628152,0.1069262334818674,0.0021166216486267924,0.3918745,0.4016263,256.0,256.0,320.0,1800.0,1000,200
audit,isolet,matched_single,512,0.029851041725730235,0.02765041035305171,0.04924792241755444,0.001026824071567141,0.563601,0.5761825,512.0,512.0,576.0,1800.0,1000,200
audit,isolet,uniform_mc,32,0.6254050340136189,0.4835042980733685,0.9509985409557999,0.058971180192158766,0.078946,0.08763689999999999,32.0,32.0,32.0,0.0,1000,200
audit,isolet,uniform_mc,64,0.4058441474181031,0.33212267061095124,0.7367034313352958,0.019455039936735176,0.087743,0.09303810000000001,64.0,64.0,64.0,0.0,1000,200
audit,isolet,uniform_mc,128,0.3064299252594505,0.25312173882167377,0.48795092674630547,0.01728627244120957,0.1300525,0.133563,128.0,128.0,128.0,0.0,1000,200
audit,isolet,uniform_mc,256,0.21252094540385627,0.17886290881383873,0.36653865362849836,0.01046877934030598,0.229114,0.2340178,256.0,256.0,256.0,0.0,1000,200
audit,isolet,uniform_mc,512,0.14207515197193785,0.12131926573214794,0.23182079463947752,0.006652289883185564,0.393489,0.3987001,512.0,512.0,512.0,0.0,1000,200
test,amazon,current_approx,32,0.2348935551707333,0.19089993970545616,0.3425917385289965,0.024108574437040602,1.4193865,1.8096185,32.0,32.0,92.0,0.0,1000,200
test,amazon,current_approx,64,0.19160043351715678,0.1307318529475105,0.28678656993213747,0.017451802332481524,1.4994495,1.8667026,64.0,64.0,124.0,0.0,1000,200
test,amazon,current_approx,128,0.1845086005483162,0.09650058605829762,0.2937523831051526,0.021851199069931146,2.1307245,2.5024387000000003,128.0,128.0,188.0,0.0,1000,200
test,amazon,current_approx,256,0.14451242486244412,0.06989755423624641,0.2892060908645583,0.014758280388873767,3.386311,3.8639476,256.0,256.0,316.0,0.0,1000,200
test,amazon,current_approx,512,0.10349354658350088,0.03794559917526391,0.28460700303848074,0.008838033167963066,17.503636,20.2523357,512.0,512.0,572.0,0.0,1000,200
test,amazon,deann,32,0.1981310842274241,0.19179864558517917,0.3039985809542497,0.005641542906886664,1.5928365,1.6579872,32.0,32.718,755.588,0.0,1000,200
test,amazon,deann,64,0.1171208676417343,0.11834965214213625,0.1780751931321488,0.0033331908857005535,1.767505,1.7943615,64.0,66.952,789.822,0.0,1000,200
test,amazon,deann,128,0.058211633140340543,0.05886205275104214,0.08192689701204045,0.0014060978670426703,2.163486,2.2119709,128.0,140.572,863.442,0.0,1000,200
test,amazon,deann,256,0.020390569274268622,0.019731097774691432,0.032041966733879275,0.0006183275807992671,3.3231625,3.561178,256.0,311.284,1034.154,0.0,1000,200
test,amazon,deann,512,0.004709005299076702,0.004602850069247595,0.007509175735688606,0.0001371985308746825,7.327857,7.8385527,512.0,794.39,1517.26,0.0,1000,200
test,amazon,exact,0,0.0,0.0,0.0,0.0,2.901894,3.1283778,720.0,720.0,720.0,0.0,200,200
test,amazon,exact_annular,32,0.10596769619728853,0.10277874304981391,0.1538838629218448,0.0030580309635310785,2.551247,3.2896229,32.0,32.0,720.0,0.0,1000,200
test,amazon,exact_annular,64,0.07335856946688003,0.0713123163786806,0.1102499354231077,0.0021803878231326157,2.517496,2.6012905,64.0,64.0,720.0,0.0,1000,200
test,amazon,exact_annular,128,0.050290650748593485,0.049525168954921636,0.07512017617302083,0.0014373362460143701,2.5174765,2.6084543000000004,128.0,128.0,720.0,0.0,1000,200
test,amazon,exact_annular,256,0.03047132904998701,0.029772357048158053,0.04747614332966745,0.0009272909387670912,2.51959,2.6165132,256.0,256.0,720.0,0.0,1000,200
test,amazon,exact_annular,512,0.014976337467173563,0.014744886187780838,0.023559697205949148,0.0004445754451277413,2.5272225,2.6227951000000003,512.0,512.0,720.0,0.0,1000,200
test,amazon,final,32,0.17233400235962085,0.17279839275146827,0.2653888005059169,0.004798196817837547,0.7108505,0.8291018,32.0,32.0,96.0,720.0,1000,200
test,amazon,final,64,0.11358818015391439,0.11083695864668665,0.1740074476367393,0.0032541966991533364,0.955408,1.0305742,64.0,64.0,128.0,720.0,1000,200
test,amazon,final,128,0.06763445121386857,0.0665611716348482,0.10369223065146875,0.00194964047687347,1.47688,1.6687549000000002,128.0,128.0,192.0,720.0,1000,200
test,amazon,final,256,0.03494131004400443,0.033608631809741524,0.053745978590059966,0.0010640052102473508,2.711772,3.0665028000000003,256.0,256.0,320.0,720.0,1000,200
test,amazon,final,512,0.012603133342348197,0.01206153770967099,0.0198779606428157,0.0004257852186053757,16.9340555,19.5373752,512.0,512.0,576.0,720.0,1000,200
test,amazon,matched_neyman,32,0.28190310909279326,0.2773210061429616,0.4155218452164378,0.007426203236608892,1.011402,1.0888581000000002,32.0,32.0,96.0,720.0,1000,200
test,amazon,matched_neyman,64,0.12208966631232172,0.12052330114635058,0.19161355357791085,0.003616961950334201,1.3107055,1.3467538000000001,64.0,64.0,128.0,720.0,1000,200
test,amazon,matched_neyman,128,0.06817529002965653,0.06724218337513951,0.10028026541894322,0.0019029158402276106,1.8389395,1.9459686,128.0,128.0,192.0,720.0,1000,200
test,amazon,matched_neyman,256,0.035471906038791204,0.03613124965358121,0.05239972286483762,0.001113152529907468,2.987096,3.2434376,256.0,256.0,320.0,720.0,1000,200
test,amazon,matched_neyman,512,0.012163616117800504,0.011179267794492232,0.019335841192050958,0.0004564679071886489,5.759848,6.4220383,512.0,512.0,576.0,720.0,1000,200
test,amazon,matched_proportional,32,0.17233400235962085,0.17279839275146827,0.2653888005059169,0.004798196817837547,0.7108505,0.8291018,32.0,32.0,96.0,720.0,1000,200
test,amazon,matched_proportional,64,0.11358818015391439,0.11083695864668665,0.1740074476367393,0.0032541966991533364,0.955408,1.0305742,64.0,64.0,128.0,720.0,1000,200
test,amazon,matched_proportional,128,0.06763445121386857,0.0665611716348482,0.10369223065146875,0.00194964047687347,1.47688,1.6687549000000002,128.0,128.0,192.0,720.0,1000,200
test,amazon,matched_proportional,256,0.03494131004400443,0.033608631809741524,0.053745978590059966,0.0010640052102473508,2.711772,3.0665028000000003,256.0,256.0,320.0,720.0,1000,200
test,amazon,matched_proportional,512,0.012603133342348197,0.01206153770967099,0.0198779606428157,0.0004257852186053757,16.9340555,19.5373752,512.0,512.0,576.0,720.0,1000,200
test,amazon,matched_single,32,0.21404744187456243,0.19836623624411734,0.3603307973931554,0.006937795752750959,0.6028865,0.6713207,32.0,32.0,96.0,720.0,1000,200
test,amazon,matched_single,64,0.14035060089589405,0.1356660338519255,0.21949313337106563,0.0042035648902733385,0.8588445,0.9349612,64.0,64.0,128.0,720.0,1000,200
test,amazon,matched_single,128,0.08213688646071853,0.08057703466695657,0.12139312295595045,0.0022167808926009383,1.387683,1.5809157,128.0,128.0,192.0,720.0,1000,200
test,amazon,matched_single,256,0.04282886138566613,0.04102315188277306,0.06671299137734243,0.0012120353861787862,2.6006055,2.9463383,256.0,256.0,320.0,720.0,1000,200
test,amazon,matched_single,512,0.015007600219111855,0.014431356108575061,0.02384555374319701,0.0004815732857563591,16.800811,19.225847100000003,512.0,512.0,576.0,720.0,1000,200
test,amazon,uniform_mc,32,0.25392162203813406,0.2023493742833039,0.3454568504350535,0.024725729988750403,0.3605975,0.3962837,32.0,32.0,32.0,0.0,1000,200
test,amazon,uniform_mc,64,0.20754059612339534,0.1401219819598864,0.27292919735912635,0.02355820748087436,0.613635,0.6412998000000001,64.0,64.0,64.0,0.0,1000,200
test,amazon,uniform_mc,128,0.14773525773376067,0.09287532034409848,0.1796196718987371,0.018608332196332362,1.1252815,1.2391996,128.0,128.0,128.0,0.0,1000,200
test,amazon,uniform_mc,256,0.10827364730388002,0.06017508099711895,0.09661888859681626,0.01727820308110178,2.2853705,2.5766061000000002,256.0,256.0,256.0,0.0,1000,200
test,amazon,uniform_mc,512,0.047514740732144116,0.02722514978938819,0.05053183410082985,0.0064348787145676435,16.2105815,18.8362526,512.0,512.0,512.0,0.0,1000,200
test,cifar10,current_approx,32,0.4298354316927688,0.39638728675916823,0.6725786202987497,0.014989742760933249,1.5828275,1.6486018,32.0,32.0,92.0,0.0,1000,200
test,cifar10,current_approx,64,0.2994014518001734,0.2566108917187794,0.4839631461184542,0.011612419195094351,1.664407,1.7024538,64.0,64.0,124.0,0.0,1000,200
test,cifar10,current_approx,128,0.20529516263730332,0.180176725662908,0.34390025220595244,0.007336895414329412,1.8270935,1.8711008999999998,128.0,128.0,188.0,0.0,1000,200
test,cifar10,current_approx,256,0.1384149691134485,0.1219964976326975,0.2276181395486283,0.004567554234514877,2.165446,2.2451622999999996,256.0,256.0,316.0,0.0,1000,200
test,cifar10,current_approx,512,0.09391964114533247,0.08219605026312743,0.1561964890936847,0.0033697275240425336,2.8100375,2.9770752000000003,512.0,512.0,572.0,0.0,1000,200
test,cifar10,deann,32,0.3779927136076046,0.3687460962734366,0.5634382405867044,0.010388739256415654,0.2799265,0.3522636,32.0,32.18,375.8,0.0,1000,200
test,cifar10,deann,64,0.21948919429424196,0.20539109903005343,0.33265280968218786,0.005554879578466381,0.3220195,0.38406670000000004,64.0,64.806,408.426,0.0,1000,200
test,cifar10,deann,128,0.12930651714391925,0.12557925757273308,0.19323834900644887,0.0034464443061653282,0.4012975,0.4663021,128.0,131.502,475.122,0.0,1000,200
test,cifar10,deann,256,0.08183034329817414,0.07353606206842377,0.129962090989721,0.0026184653101650112,0.538892,0.6099157,256.0,269.978,613.598,0.0,1000,200
test,cifar10,deann,512,0.04510052731738914,0.04157077174057808,0.0751368978250663,0.0015385153516724174,0.8120075,0.9439644,512.0,570.74,914.36,0.0,1000,200
test,cifar10,exact,0,0.0,0.0,0.0,0.0,2.046035,2.2050449,1800.0,1800.0,1800.0,0.0,200,200
test,cifar10,exact_annular,32,0.17543404813837457,0.1508634627515986,0.29781806742781636,0.00686156468646969,2.037341,2.2437442,32.0,32.0,1800.0,0.0,1000,200
test,cifar10,exact_annular,64,0.1297995078369139,0.11823530504125293,0.22358628569409042,0.004422977414244401,2.0263215,2.0892996,64.0,64.0,1800.0,0.0,1000,200
test,cifar10,exact_annular,128,0.0943123248371801,0.0841289754623635,0.15395774661258194,0.0034973286057304316,2.0302155,2.0898453,128.0,128.0,1800.0,0.0,1000,200
test,cifar10,exact_annular,256,0.06602088606840263,0.06097346527541342,0.1081641065788811,0.00229473467464423,2.035252,2.0929351,256.0,256.0,1800.0,0.0,1000,200
test,cifar10,exact_annular,512,0.044046000974225404,0.03976312524208165,0.07350115569597063,0.001728285262845752,2.040615,2.0931529,512.0,512.0,1800.0,0.0,1000,200
test,cifar10,final,32,0.2952369295637237,0.2797475919285845,0.45944499413631196,0.009334146314713705,0.4571175,0.508357,32.0,32.0,96.0,1800.0,1000,200
test,cifar10,final,64,0.18921042837879634,0.17330046567497426,0.2881935744078878,0.006500878624651775,0.5434945,0.5656954000000001,64.0,64.0,128.0,1800.0,1000,200
test,cifar10,final,128,0.11239368781111639,0.10498862353884073,0.17812511695797484,0.003480672653746554,0.71159,0.7369261,128.0,128.0,192.0,1800.0,1000,200
test,cifar10,final,256,0.059017964236125306,0.05913305790726921,0.08263875451556367,0.0013828880047126754,1.0373885,1.0785891,256.0,256.0,320.0,1800.0,1000,200
test,cifar10,final,512,0.025175616487830746,0.024218015544424928,0.037735741280240064,0.0007720966138822329,1.7178625,1.8687873000000002,512.0,512.0,576.0,1800.0,1000,200
test,cifar10,matched_neyman,32,0.4417248260773335,0.39890685334137155,0.6894769351401785,0.017393598350033814,0.7399085,0.7726698000000001,32.0,32.0,96.0,1800.0,1000,200
test,cifar10,matched_neyman,64,0.18157986553086353,0.17466367009295752,0.28009408337485614,0.004706372552931793,0.8612545,0.8876626,64.0,64.0,128.0,1800.0,1000,200
test,cifar10,matched_neyman,128,0.09855396088141109,0.09495771795581975,0.14588098291463716,0.002729514827373533,1.0613315,1.0924791,128.0,128.0,192.0,1800.0,1000,200
test,cifar10,matched_neyman,256,0.051324420498585314,0.04804558297206804,0.07921865850044367,0.0013628134727425847,1.4099705,1.4560334,256.0,256.0,320.0,1800.0,1000,200
test,cifar10,matched_neyman,512,0.022172369218329383,0.02140621734879352,0.033031545645694556,0.0006289083150420088,2.077646,2.1703136,512.0,512.0,576.0,1800.0,1000,200
test,cifar10,matched_proportional,32,0.2952369295637237,0.2797475919285845,0.45944499413631196,0.009334146314713705,0.4571175,0.508357,32.0,32.0,96.0,1800.0,1000,200
test,cifar10,matched_proportional,64,0.18921042837879634,0.17330046567497426,0.2881935744078878,0.006500878624651775,0.5434945,0.5656954000000001,64.0,64.0,128.0,1800.0,1000,200
test,cifar10,matched_proportional,128,0.11239368781111639,0.10498862353884073,0.17812511695797484,0.003480672653746554,0.71159,0.7369261,128.0,128.0,192.0,1800.0,1000,200
test,cifar10,matched_proportional,256,0.059017964236125306,0.05913305790726921,0.08263875451556367,0.0013828880047126754,1.0373885,1.0785891,256.0,256.0,320.0,1800.0,1000,200
test,cifar10,matched_proportional,512,0.025175616487830746,0.024218015544424928,0.037735741280240064,0.0007720966138822329,1.7178625,1.8687873000000002,512.0,512.0,576.0,1800.0,1000,200
test,cifar10,matched_single,32,0.4111941448735115,0.37669674633675765,0.6059084537236424,0.013238328693920944,0.348935,0.3730547,32.0,32.0,96.0,1800.0,1000,200
test,cifar10,matched_single,64,0.26580766495170266,0.2514998953164448,0.40086846616083305,0.0075253043874337865,0.4433125,0.4635393,64.0,64.0,128.0,1800.0,1000,200
test,cifar10,matched_single,128,0.1488870011130717,0.14677750832884595,0.2153168041379109,0.004063956452347168,0.612255,0.6371554,128.0,128.0,192.0,1800.0,1000,200
test,cifar10,matched_single,256,0.07768736369731513,0.07578447273653627,0.11235422338079225,0.0018887368839652714,0.9426455,0.9763236,256.0,256.0,320.0,1800.0,1000,200
test,cifar10,matched_single,512,0.035362398916054104,0.03361566415971988,0.05337104453856889,0.0009618055187946962,1.6078915,1.715913,512.0,512.0,576.0,1800.0,1000,200
test,cifar10,uniform_mc,32,0.421562919238302,0.37023529292380153,0.6228787159682534,0.020636626942799184,0.1476295,0.16381189999999998,32.0,32.0,32.0,0.0,1000,200
test,cifar10,uniform_mc,64,0.31154236787074024,0.27549510422588536,0.5040658969020694,0.010352470127753699,0.2527675,0.2611213,64.0,64.0,64.0,0.0,1000,200
test,cifar10,uniform_mc,128,0.2198982212649638,0.20315925720627698,0.3414235138517715,0.007698124441483368,0.423957,0.4356684,128.0,128.0,128.0,0.0,1000,200
test,cifar10,uniform_mc,256,0.15289845816605713,0.13705958981414268,0.2583267381608571,0.005266544163002988,0.745936,0.7738266,256.0,256.0,256.0,0.0,1000,200
test,cifar10,uniform_mc,512,0.0996409263335641,0.08772108759053864,0.1744699435531504,0.0039308472207383515,1.395624,1.5152438000000001,512.0,512.0,512.0,0.0,1000,200
test,cifar10_gist512,current_approx,32,0.3089005622555817,0.26457061142053545,0.5034743546596073,0.01266592191282526,1.118727,1.1951689,32.0,32.0,92.0,0.0,1000,200
test,cifar10_gist512,current_approx,64,0.20951990498705958,0.1785727168908212,0.37380849736625843,0.008421112521136595,1.135855,1.1665456,64.0,64.0,124.0,0.0,1000,200
test,cifar10_gist512,current_approx,128,0.1591190723550344,0.1335899654350296,0.261868199898412,0.008476497179370893,1.2497935,1.2902319,128.0,128.0,188.0,0.0,1000,200
test,cifar10_gist512,current_approx,256,0.10788980288560834,0.0929228112141773,0.17349241787032568,0.004489477617837091,1.339647,1.3790839,256.0,256.0,316.0,0.0,1000,200
test,cifar10_gist512,current_approx,512,0.07112472182574026,0.060513871265716196,0.11071769908996233,0.00324372743510969,1.4627035,1.5124911,512.0,512.0,572.0,0.0,1000,200
test,cifar10_gist512,deann,32,0.29091432846695375,0.26435858020613734,0.4312909492922149,0.008245967464245439,0.0695575,0.07910389999999999,32.0,32.24,386.385,0.0,1000,200
test,cifar10_gist512,deann,64,0.18691702717504785,0.17657706741483684,0.2774051297746397,0.0054019116302790335,0.078453,0.09190419999999999,64.0,64.838,418.983,0.0,1000,200
test,cifar10_gist512,deann,128,0.12186361235275857,0.11316922145272412,0.16901367856436808,0.0041827228517632474,0.0856085,0.09588210000000001,128.0,131.542,485.687,0.0,1000,200
test,cifar10_gist512,deann,256,0.0680190152289375,0.06213094236099413,0.10425075146812318,0.0019781860651975833,0.11177,0.12368660000000001,256.0,270.316,624.461,0.0,1000,200
test,cifar10_gist512,deann,512,0.040352456277959844,0.03690756065720655,0.06497467534737197,0.0015244356758235436,0.188738,0.203081,511.915,570.781,924.926,0.0,1000,200
test,cifar10_gist512,exact,0,0.0,0.0,0.0,0.0,0.3772455,0.4194817,1800.0,1800.0,1800.0,0.0,200,200
test,cifar10_gist512,exact_annular,32,0.14142611577586936,0.13811131132773316,0.21429903304029616,0.003943338482044871,0.5575015,0.5915815999999999,32.0,32.0,1800.0,0.0,1000,200
test,cifar10_gist512,exact_annular,64,0.10742550133723032,0.09726671084121524,0.1731463739114193,0.0031680584731419866,0.5496945,0.5812754,64.0,64.0,1800.0,0.0,1000,200
test,cifar10_gist512,exact_annular,128,0.07702383137398708,0.07101702973205788,0.11810356763309039,0.002299794825417955,0.5514525,0.5831464000000001,128.0,128.0,1800.0,0.0,1000,200
test,cifar10_gist512,exact_annular,256,0.050620234233179254,0.046797823453370704,0.07957860696927284,0.0017692195553160718,0.5568435,0.5899409,256.0,256.0,1800.0,0.0,1000,200
test,cifar10_gist512,exact_annular,512,0.033050778798390426,0.028921269566540883,0.05432538627997745,0.0012231247118197222,0.566938,0.5996718000000001,512.0,512.0,1800.0,0.0,1000,200
test,cifar10_gist512,final,32,0.2532687191163023,0.23708267252811852,0.39014644748282007,0.008053792063214809,0.2997205,0.3350863,32.0,32.0,96.0,1800.0,1000,200
test,cifar10_gist512,final,64,0.16858959953058109,0.1531741514676567,0.26320501386871004,0.005578506861367924,0.3102385,0.320851,64.0,64.0,128.0,1800.0,1000,200
test,cifar10_gist512,final,128,0.10549423475422037,0.0981202190855131,0.1677601585608177,0.003207045336047412,0.368084,0.3826135,128.0,128.0,192.0,1800.0,1000,200
test,cifar10_gist512,final,256,0.0632475944145285,0.05948297817616635,0.09805708291786754,0.001888017410845511,0.459553,0.47586140000000005,256.0,256.0,320.0,1800.0,1000,200
test,cifar10_gist512,final,512,0.032704440714113756,0.0306561233458124,0.04901741242248223,0.000967977201772264,0.6049895,0.6383405,512.0,512.0,576.0,1800.0,1000,200
test,cifar10_gist512,matched_neyman,32,0.41857004404912695,0.36841453573034333,0.6805569061740258,0.014856732470012167,0.5593755,0.6083670999999999,32.0,32.0,96.0,1800.0,1000,200
test,cifar10_gist512,matched_neyman,64,0.17753879490880728,0.17512820876346472,0.25675896210669863,0.004971704401968664,0.598104,0.6123962,64.0,64.0,128.0,1800.0,1000,200
test,cifar10_gist512,matched_neyman,128,0.10073536691566895,0.09319316531158911,0.15084020059309464,0.0032248652035650536,0.6434375,0.6649847,128.0,128.0,192.0,1800.0,1000,200
test,cifar10_gist512,matched_neyman,256,0.05830590468034799,0.052462026017292884,0.0915824497780677,0.001922281009368019,0.774794,0.8024263,256.0,256.0,320.0,1800.0,1000,200
test,cifar10_gist512,matched_neyman,512,0.029291029005055088,0.02679013706764558,0.046803878443908466,0.0010006142146405947,0.939946,0.9725421999999999,512.0,512.0,576.0,1800.0,1000,200
test,cifar10_gist512,matched_proportional,32,0.2532687191163023,0.23708267252811852,0.39014644748282007,0.008053792063214809,0.2997205,0.3350863,32.0,32.0,96.0,1800.0,1000,200
test,cifar10_gist512,matched_proportional,64,0.16858959953058109,0.1531741514676567,0.26320501386871004,0.005578506861367924,0.3102385,0.320851,64.0,64.0,128.0,1800.0,1000,200
test,cifar10_gist512,matched_proportional,128,0.10549423475422037,0.0981202190855131,0.1677601585608177,0.003207045336047412,0.368084,0.3826135,128.0,128.0,192.0,1800.0,1000,200
test,cifar10_gist512,matched_proportional,256,0.0632475944145285,0.05948297817616635,0.09805708291786754,0.001888017410845511,0.459553,0.47586140000000005,256.0,256.0,320.0,1800.0,1000,200
test,cifar10_gist512,matched_proportional,512,0.032704440714113756,0.0306561233458124,0.04901741242248223,0.000967977201772264,0.6049895,0.6383405,512.0,512.0,576.0,1800.0,1000,200
test,cifar10_gist512,matched_single,32,0.32435746865173326,0.29060528199666696,0.5348728997659808,0.010908202288268802,0.210983,0.2330037,32.0,32.0,96.0,1800.0,1000,200
test,cifar10_gist512,matched_single,64,0.2105223978863542,0.1993884330416414,0.31164523658806764,0.0060445347304108775,0.2207235,0.23013270000000002,64.0,64.0,128.0,1800.0,1000,200
test,cifar10_gist512,matched_single,128,0.13404436131428915,0.12515563371935037,0.2026624580626294,0.003985584671080273,0.27286,0.28598209999999996,128.0,128.0,192.0,1800.0,1000,200
test,cifar10_gist512,matched_single,256,0.07785943176457262,0.07175241464660688,0.12310006972182931,0.0022507161612047013,0.362938,0.37853770000000003,256.0,256.0,320.0,1800.0,1000,200
test,cifar10_gist512,matched_single,512,0.03966598999434983,0.03755260807892419,0.06136478625880568,0.0011707642133457086,0.5103815,0.5385993,512.0,512.0,576.0,1800.0,1000,200
test,cifar10_gist512,uniform_mc,32,0.32112937434948957,0.28841323382774364,0.48623267513488855,0.013373486459037036,0.0759435,0.0866184,32.0,32.0,32.0,0.0,1000,200
test,cifar10_gist512,uniform_mc,64,0.23920853944676906,0.20233426893512962,0.35976250499755646,0.01136264669317378,0.0821275,0.0884398,64.0,64.0,64.0,0.0,1000,200
test,cifar10_gist512,uniform_mc,128,0.15890221416472297,0.13657655970014076,0.26187034650221797,0.006112075855198907,0.116067,0.1206063,128.0,128.0,128.0,0.0,1000,200
test,cifar10_gist512,uniform_mc,256,0.11572668297425605,0.10231483870842303,0.18658869081131293,0.004780525967433837,0.197804,0.2075695,256.0,256.0,256.0,0.0,1000,200
test,cifar10_gist512,uniform_mc,512,0.07831226983476029,0.06234762973232952,0.12504474815060437,0.0037226553452154427,0.3399365,0.3622333,512.0,512.0,512.0,0.0,1000,200
test,isolet,current_approx,32,0.5430884374765078,0.4488424749486256,0.8920934567577382,0.022833887595821778,1.0371525,1.1039709,32.0,32.0,92.0,0.0,1000,200
test,isolet,current_approx,64,0.38918117761113324,0.32397228647301435,0.6243347730338411,0.01786448923059925,1.054905,1.1065979,64.0,64.0,124.0,0.0,1000,200
test,isolet,current_approx,128,0.27370880705904516,0.2363156275379055,0.4627286635669432,0.011537493548583334,1.17925,1.2332591000000002,128.0,128.0,188.0,0.0,1000,200
test,isolet,current_approx,256,0.20631558875134262,0.18061363255496785,0.31749823177371256,0.011140890071874314,1.276567,1.328176,256.0,256.0,316.0,0.0,1000,200
test,isolet,current_approx,512,0.12861151240101512,0.10908681559253328,0.2229848249333767,0.006297772278877832,1.429243,1.4824531,512.0,512.0,572.0,0.0,1000,200
test,isolet,deann,32,0.3705666396834955,0.35598201265187657,0.5557898731649912,0.010642700210800935,0.0776525,0.09777160000000001,32.0,32.294,322.659,0.0,1000,200
test,isolet,deann,64,0.1902090809312665,0.18451525969552068,0.2832228533569569,0.005410149991743083,0.0902705,0.10005610000000001,64.0,65.24,355.605,0.0,1000,200
test,isolet,deann,128,0.08787491308087456,0.0813525075420521,0.13917175845929225,0.0030168031750223883,0.119132,0.13060339999999998,127.775,132.563,422.928,0.0,1000,200
test,isolet,deann,256,0.04638575314345678,0.04209868447852004,0.0815187970347826,0.002039580253693531,0.1909425,0.2027551,254.32,273.498,563.863,0.0,1000,200
test,isolet,deann,512,0.026201495305035565,0.023759700179881,0.04922868549337807,0.0013785778388289865,0.3192375,0.334316,485.22,560.36,850.725,0.0,1000,200
test,isolet,exact,0,0.0,0.0,0.0,0.0,0.437365,0.4886767,1800.0,1800.0,1800.0,0.0,200,200
test,isolet,exact_annular,32,0.1834667029798107,0.1695786841233718,0.29447808077385024,0.005707893800510847,0.6368595,0.659465,32.0,32.0,1800.0,0.0,1000,200
test,isolet,exact_annular,64,0.14337088156801292,0.13164888431096494,0.2380511111239364,0.005303072879153231,0.632675,0.6464528,64.0,64.0,1800.0,0.0,1000,200
test,isolet,exact_annular,128,0.11311838267451672,0.1035769231519248,0.17765321993861632,0.0038631845480615714,0.6343675,0.6496244,128.0,128.0,1800.0,0.0,1000,200
test,isolet,exact_annular,256,0.07529528348712879,0.06883293642352153,0.11917270758882975,0.0028723923422379937,0.638842,0.6538834,256.0,256.0,1800.0,0.0,1000,200
test,isolet,exact_annular,512,0.05213405201189376,0.047250289018464564,0.08438692924619264,0.0021075060474021402,0.6492505,0.6660208000000001,512.0,512.0,1800.0,0.0,1000,200
test,isolet,final,32,0.3520774874551563,0.31453665743328124,0.5604942537876766,0.014206770391489381,0.3088355,0.3465404,32.0,32.0,96.0,1800.0,1000,200
test,isolet,final,64,0.20992147212778903,0.19413057041879556,0.3301659126371317,0.006847220700885225,0.3215565,0.3318248,64.0,64.0,128.0,1800.0,1000,200
test,isolet,final,128,0.11002685105252369,0.1077793739431625,0.16948200841039496,0.0031213667673113924,0.3955795,0.40593690000000004,128.0,128.0,192.0,1800.0,1000,200
test,isolet,final,256,0.052964097006321195,0.05225584189462752,0.08127532719701097,0.0016211628164141153,0.49482,0.507502,256.0,256.0,320.0,1800.0,1000,200
test,isolet,final,512,0.022004976421735198,0.020932893395921706,0.03642037483006268,0.0007500898164437782,0.6667165,0.6878727,512.0,512.0,576.0,1800.0,1000,200
test,isolet,matched_neyman,32,0.5572266125275503,0.4686515579171243,0.9032201679489017,0.023327829434041054,0.5672595,0.6005555,32.0,32.0,96.0,1800.0,1000,200
test,isolet,matched_neyman,64,0.20524633247253812,0.19643256971384077,0.32022107483639106,0.0066197568624355736,0.613052,0.6280277,64.0,64.0,128.0,1800.0,1000,200
test,isolet,matched_neyman,128,0.09732638005913863,0.09432535448202563,0.14160668622990805,0.0027909034181127007,0.6666025,0.6860775,128.0,128.0,192.0,1800.0,1000,200
test,isolet,matched_neyman,256,0.04467817668192482,0.04142222093443384,0.07193768031427034,0.0014068737810771154,0.8149105,0.8411061999999999,256.0,256.0,320.0,1800.0,1000,200
test,isolet,matched_neyman,512,0.018992775950397757,0.01886455416666473,0.031357190602712935,0.0006930437958741891,1.002417,1.0324437,512.0,512.0,576.0,1800.0,1000,200
test,isolet,matched_proportional,32,0.3520774874551563,0.31453665743328124,0.5604942537876766,0.014206770391489381,0.3088355,0.3465404,32.0,32.0,96.0,1800.0,1000,200
test,isolet,matched_proportional,64,0.20992147212778903,0.19413057041879556,0.3301659126371317,0.006847220700885225,0.3215565,0.3318248,64.0,64.0,128.0,1800.0,1000,200
test,isolet,matched_proportional,128,0.11002685105252369,0.1077793739431625,0.16948200841039496,0.0031213667673113924,0.3955795,0.40593690000000004,128.0,128.0,192.0,1800.0,1000,200
test,isolet,matched_proportional,256,0.052964097006321195,0.05225584189462752,0.08127532719701097,0.0016211628164141153,0.49482,0.507502,256.0,256.0,320.0,1800.0,1000,200
test,isolet,matched_proportional,512,0.022004976421735198,0.020932893395921706,0.03642037483006268,0.0007500898164437782,0.6667165,0.6878727,512.0,512.0,576.0,1800.0,1000,200
test,isolet,matched_single,32,0.440457554874225,0.3860154393424866,0.7124325952094853,0.0145551208363856,0.2168565,0.2389312,32.0,32.0,96.0,1800.0,1000,200
test,isolet,matched_single,64,0.2672493337611529,0.25074941857278277,0.4176989548933922,0.00766064659537824,0.2306455,0.2392356,64.0,64.0,128.0,1800.0,1000,200
test,isolet,matched_single,128,0.14071169687004936,0.13432456688858013,0.20641746807781222,0.004253499248555176,0.2960705,0.307217,128.0,128.0,192.0,1800.0,1000,200
test,isolet,matched_single,256,0.06898231649512433,0.06752748539600645,0.10868643399235842,0.002224646696092051,0.397073,0.4109791,256.0,256.0,320.0,1800.0,1000,200
test,isolet,matched_single,512,0.02943353696464499,0.02732459259621428,0.05026802535213694,0.0010571639916013256,0.569528,0.5869903000000001,512.0,512.0,576.0,1800.0,1000,200
test,isolet,uniform_mc,32,0.5655079436791594,0.4866878615428685,0.9801425923742195,0.024454827421610356,0.0797165,0.08872139999999999,32.0,32.0,32.0,0.0,1000,200
test,isolet,uniform_mc,64,0.4390715091617493,0.3425103904096647,0.7090363794938336,0.026676537170594653,0.0880315,0.09397689999999999,64.0,64.0,64.0,0.0,1000,200
test,isolet,uniform_mc,128,0.3072356133081729,0.25424712824987195,0.5610627344916246,0.014456740209889605,0.130707,0.1361638,128.0,128.0,128.0,0.0,1000,200
test,isolet,uniform_mc,256,0.22681868305275413,0.18797241397807635,0.34526145144980624,0.012067154749716424,0.2300985,0.2363781,256.0,256.0,256.0,0.0,1000,200
test,isolet,uniform_mc,512,0.13929387887583208,0.11919257978422346,0.2239522523844394,0.006648890720026102,0.3947425,0.40370659999999997,512.0,512.0,512.0,0.0,1000,200
