dataset,phase,budget,comparator,final_gain_percent,gain_ci_low,gain_ci_high,error_difference_percent_points,difference_ci_low,difference_ci_high
amazon,test,32,deann_median_time_ns,10.146231555688178,2.811276706054501,17.79752686984506,1.9459848185921225,0.5106892477348061,3.616144572771022
amazon,test,32,deann_original,13.02020930657809,7.188907745181272,18.500691993986592,2.5797081867803136,1.3729174457389934,3.7622032613145797
amazon,test,32,exact_annular,-62.62880910308066,-73.0686158546522,-51.73252173450806,-6.636630616233233,-7.53934811678332,-5.654046456655456
amazon,test,32,uniform_mc,32.13102492951951,18.846849124837735,45.19843478295228,8.158761967851316,4.11220314401499,14.003536127320833
amazon,test,64,deann_median_time_ns,10.935977353229342,2.388252069637411,20.447591129136974,1.394724523822957,0.2738238072203958,2.8171395156185937
amazon,test,64,deann_original,3.016275031897886,-3.3078434197097195,9.323183033114876,0.3532687487819805,-0.3789708979231637,1.1352366155724625
amazon,test,64,exact_annular,-54.839688095604714,-66.09519926113406,-45.12129778555425,-4.02296106870345,-4.687594667557887,-3.3997465910662785
amazon,test,64,uniform_mc,45.26941606817998,30.890913436472985,57.19062396309515,9.39524159694808,5.255107147731553,14.660785016285836
amazon,test,128,deann_median_time_ns,6.970008819536632,-5.562131952109325,20.3642929900848,0.5067319855493899,-0.3687332353630461,1.7016898137743743
amazon,test,128,deann_original,-16.18717353421588,-23.864402286677866,-9.147240243454053,-0.9422818073528051,-1.370765202928366,-0.5426607104628209
amazon,test,128,exact_annular,-34.48712674643648,-44.71207510064705,-25.797147905793246,-1.7343800465275145,-2.1767731845006737,-1.3397142743163168
amazon,test,128,uniform_mc,54.21915374070334,39.62663752099216,65.70419872526581,8.0100806519892,4.640960260036153,12.657399745886854
amazon,test,256,deann_median_time_ns,18.79438264155906,0.9789032248157575,38.94702948871238,0.8086883301012302,0.035577987691210476,2.1537246234382037
amazon,test,256,deann_original,-71.36014975363041,-84.50728159826386,-59.77092998000262,-1.4550740769735837,-1.6726394097488464,-1.2531099349935797
amazon,test,256,exact_annular,-14.669465144380878,-23.970268912985762,-6.114585277661333,-0.4469980994017447,-0.6976115545699949,-0.19245807052764788
amazon,test,256,uniform_mc,67.72870323104715,54.423382704476595,76.13135464532553,7.3332337259875615,4.237855143191452,10.87530500270859
amazon,test,512,deann_median_time_ns,31.801257819040817,12.304454643816474,52.16601181256937,0.5876875143595611,0.18349744781940777,1.3152354664878314
amazon,test,512,deann_original,-167.6389713305121,-185.45384991822488,-149.76782940323142,-0.7894128043271491,-0.8631928605912298,-0.7144381734346947
amazon,test,512,exact_annular,15.846358497377366,8.71101068258879,22.932656480883477,0.23732041248253674,0.12464593184884694,0.3576157783357618
amazon,test,512,uniform_mc,73.47531913644207,63.731185823118615,79.95060789956482,3.4911607389795907,2.2924080361867274,4.80680695413116
cifar10,audit,32,deann_mean_relative_error,23.774790312352078,17.166536138588878,30.117216676586754,9.448042160571596,6.680061902687511,12.420165070956791
cifar10,audit,32,deann_median_time_ns,23.818597651393492,17.740826673876956,29.72487246546164,9.470894098638194,6.815872868575563,12.357616910339742
cifar10,audit,32,deann_original,17.075648305982583,10.786735695814647,23.160586576458503,6.237619394955113,3.7854719401109542,8.70724199645625
cifar10,audit,32,exact_annular,-66.87390530829467,-84.58669760504827,-47.640883269174395,-12.139254352094547,-14.507548159669186,-9.635955884724892
cifar10,audit,32,uniform_mc,28.509951693116687,22.405631336812856,34.34710602600459,12.080214504726234,8.966125289535475,15.466453810585163
cifar10,audit,64,deann_mean_relative_error,7.772632335407836,0.09476459107009262,13.755086832791248,1.6258228792390779,0.018973414276234057,2.985554645435258
cifar10,audit,64,deann_median_time_ns,34.64332302027429,29.60802353431655,38.8110883146021,10.225734198022446,8.360596961400702,11.953717350718627
cifar10,audit,64,deann_original,18.774352709058007,12.530382492760904,24.435906607565645,4.458992180422566,2.9055379485414967,6.085506423384554
cifar10,audit,64,exact_annular,-51.61755744833847,-62.84667367519374,-41.13541846175553,-6.56769343956729,-7.778344526143203,-5.454675321816435
cifar10,audit,64,uniform_mc,40.346217497456514,35.15327237080876,44.679687817895505,13.04757368073547,10.726539509679704,15.30182912263753
cifar10,audit,128,deann_mean_relative_error,-13.949982126892824,-23.269360325062536,-5.524977308196114,-1.4199052745950764,-2.26823636805382,-0.5818121895932943
cifar10,audit,128,deann_median_time_ns,35.884290556058396,31.448661034372044,40.12435284882205,6.491422778010883,5.478341168435524,7.56418386648202
cifar10,audit,128,deann_original,14.394669516537972,8.650096196540714,20.23438044947968,1.9502975399666749,1.1192402617989685,2.840226571127828
cifar10,audit,128,exact_annular,-29.088521212704556,-38.1831111318654,-20.51697241245268,-2.613569181102006,-3.280971938966632,-1.9030170837373392
cifar10,audit,128,uniform_mc,47.781398448910416,43.4214394019215,52.05765093204226,10.612888515083435,9.065508456833726,12.353280872309565
cifar10,audit,256,deann_mean_relative_error,-35.63107740709175,-46.20007094428355,-24.6131328581825,-1.5312256144597705,-1.9197440851661838,-1.1012126946149847
cifar10,audit,256,deann_median_time_ns,49.008599424833555,45.0273107153743,52.86543596019038,5.602021778843573,4.927656763727532,6.3259119300904
cifar10,audit,256,deann_original,25.502508828165706,19.12553634247622,31.797836754306974,1.995311481329421,1.410601097296986,2.6452588423873307
cifar10,audit,256,exact_annular,13.983013326541693,6.722995616630406,20.923185861958945,0.9475147722137346,0.4324054976134523,1.5045805171760562
cifar10,audit,256,uniform_mc,62.181428049583495,58.68529195519319,65.63960675484866,9.583519006876715,8.416806056553792,10.87319832669988
cifar10,audit,512,deann_mean_relative_error,-103.5642907572801,-123.34879783149522,-86.76299100078505,-1.3238932046761824,-1.5107926879521305,-1.146757579732726
cifar10,audit,512,deann_median_time_ns,67.3143049936487,63.85526447025966,70.49699089492877,5.359128323845052,4.814158114145548,5.972804196377971
cifar10,audit,512,deann_original,44.27951648229167,38.40355100112501,49.03928557450926,2.0679141626286137,1.6995184109618473,2.4368836921474166
cifar10,audit,512,exact_annular,38.89453293592658,32.597951394466136,44.39078144224994,1.6563534122555073,1.3131317960683715,2.017196637756793
cifar10,audit,512,uniform_mc,73.4550360101434,70.21519860554032,76.01333034759104,7.2008530719582655,6.426894672081633,7.98653789364362
cifar10,test,32,deann_mean_relative_error,23.693387602949645,18.12026918601915,29.659046936778502,9.16717802968337,6.768436716637794,11.855397631499077
cifar10,test,32,deann_median_time_ns,25.717193212064803,20.030409306898537,31.166701643817802,10.221295464242242,7.615549091508282,12.874748873122567
cifar10,test,32,deann_original,21.89348658445043,16.55448793649682,27.268873949393832,8.275578404388106,6.072647505621463,10.506889822967942
cifar10,test,32,exact_annular,-68.28941285722027,-81.08269077516877,-55.955687340642186,-11.980288142534917,-13.581007135976265,-10.184139184715125
cifar10,test,32,uniform_mc,29.966105629695683,23.05992141935675,36.59754360709177,12.632598967457831,9.031681365236446,16.95932936605149
cifar10,test,64,deann_mean_relative_error,12.155501880232677,4.57736650179514,19.261912885784056,2.6182034927017703,0.949408249530871,4.209026471150004
cifar10,test,64,deann_median_time_ns,29.210182833030284,24.469380959922933,34.12621810593306,7.807438171262074,6.35206486528871,9.420201705641578
cifar10,test,64,deann_original,13.795105500662908,6.996712472012634,20.073891697272984,3.0278765915445676,1.4981634170476024,4.531365373281253
cifar10,test,64,exact_annular,-45.77129877605468,-56.53638813939244,-35.329029693798034,-5.941092054188241,-7.135641695223758,-4.6965422580564855
cifar10,test,64,uniform_mc,39.266549948898046,34.82656923126953,43.240564112640776,12.233193949194396,10.349276312886587,14.173934132237873
cifar10,test,128,deann_mean_relative_error,-7.790029980038415,-16.987416089494317,1.2262066704135584,-0.8122738232634472,-1.6911751206779453,0.13477832858211766
cifar10,test,128,deann_median_time_ns,37.04325420909262,32.60418241822492,41.48425197664641,6.613156218258487,5.610400284340969,7.6348991807301525
cifar10,test,128,deann_original,13.079641851291113,6.164033519564499,19.581979607663904,1.6912829332802999,0.755051579885686,2.6068255897312804
cifar10,test,128,exact_annular,-19.17179223940422,-27.879883815712695,-10.262203330511742,-1.80813629739362,-2.540357974101882,-1.013892054020634
cifar10,test,128,uniform_mc,48.88831425530773,44.80181590563423,52.431978800144556,10.750453345384742,9.266360417318603,12.107919657618808
cifar10,test,256,deann_mean_relative_error,-35.871045360498655,-45.946871685865155,-25.76957919911321,-1.5581215751901598,-1.9177666083718976,-1.1809078959235582
cifar10,test,256,deann_median_time_ns,48.931501842317914,45.148725369893555,52.82156794141206,5.654831706296045,4.910590163228338,6.516535366345398
cifar10,test,256,deann_original,27.877652888397243,21.915462986841355,33.018926357580064,2.2812379062048818,1.7078165574752353,2.8318064886834833
cifar10,test,256,exact_annular,10.607130938869513,2.9124650435396213,17.79187652501737,0.7002921832277326,0.18270657429410012,1.226652508761544
cifar10,test,256,uniform_mc,61.40054978708276,58.024300085217575,64.12614394151308,9.388049392993183,8.314180949595446,10.455115141721533
cifar10,test,512,deann_mean_relative_error,-93.71205822628046,-112.39858106928804,-76.98882579964014,-1.2179204845545473,-1.405725086744406,-1.0495307573791115
cifar10,test,512,deann_median_time_ns,65.33611470901536,61.9197243745582,68.55623238247422,4.745218122294234,4.224409244764318,5.307950535425386
cifar10,test,512,deann_original,44.178886622188195,39.74347584021709,47.88391937992421,1.9924910829558342,1.6979756787934237,2.2669829721629786
cifar10,test,512,exact_annular,42.84244668985302,37.18991954243365,47.85274071835583,1.8870384486394665,1.5336232745805782,2.255157356712277
cifar10,test,512,uniform_mc,74.73365873421196,71.99220418131537,77.25153012510135,7.446530984573332,6.657350687884517,8.289106035872233
cifar10_gist512,audit,32,deann_mean_relative_error,10.836127157449827,3.681109350290207,16.78007994634973,3.1769816650932867,1.041775184179175,5.026725338350139
cifar10_gist512,audit,32,deann_median_time_ns,16.300800992132036,9.6732930483614,22.51576898767828,5.091165126625058,2.9104765170030626,7.30512928225454
cifar10_gist512,audit,32,deann_original,13.87751686199592,6.861491136755515,19.706197426309952,4.212353016828968,1.99023908258201,6.139482963114007
cifar10_gist512,audit,32,exact_annular,-73.88532998209207,-86.99635185244694,-60.46781093890269,-11.107717171854976,-12.928909010177925,-9.373041031181357
cifar10_gist512,audit,32,uniform_mc,22.53231069575492,16.012929253028823,28.468310409483536,7.603519579268964,5.166053221036726,10.197213975225676
cifar10_gist512,audit,64,deann_mean_relative_error,6.1064940439575555,-0.9106489853045946,12.668681033789573,1.0761629512965831,-0.15947187672496255,2.3137967694373147
cifar10_gist512,audit,64,deann_median_time_ns,25.736378957698058,19.14478780893133,32.49799983443254,5.734465919867471,4.104452260196032,7.809970646536607
cifar10_gist512,audit,64,deann_original,16.34698110168268,10.621031514954922,21.936603905262395,3.233535226836798,2.028722371259313,4.539374303176234
cifar10_gist512,audit,64,exact_annular,-46.37292114243079,-58.443373746883644,-35.56654947168491,-5.242342223428419,-6.361997693791206,-4.159818616913757
cifar10_gist512,audit,64,uniform_mc,27.308925193191335,21.331266402217537,33.32593372745086,6.216489036287492,4.544686046718761,7.998549904199097
cifar10_gist512,audit,128,deann_mean_relative_error,-9.134197150139833,-18.54350703703867,-0.6248802363328294,-0.9103598922169345,-1.7815126497434954,-0.06465975886669817
cifar10_gist512,audit,128,deann_median_time_ns,27.960190752643765,22.388947451936488,33.37678452866232,4.221542524076273,3.2225326310810742,5.240040901595925
cifar10_gist512,audit,128,deann_original,7.796821885060535,0.3819392335763392,14.80686754016376,0.9197616867017298,0.04286058451529546,1.7961876649949557
cifar10_gist512,audit,128,exact_annular,-33.62996321471377,-46.36424238233993,-21.957491059845687,-2.7373235637128595,-3.5486837498128634,-1.9158324641703892
cifar10_gist512,audit,128,uniform_mc,39.99417998475066,32.6871850408501,46.03504835142077,7.2494826406934845,5.394987575601517,9.217441465554447
cifar10_gist512,audit,256,deann_mean_relative_error,-22.56885541263962,-34.21823378284141,-12.021935169853847,-1.1895319707914895,-1.7820106307866357,-0.653927880486096
cifar10_gist512,audit,256,deann_median_time_ns,35.96996611108286,31.21165334251036,40.80429112670143,3.6291340677073762,3.0270362958021955,4.255126655033172
cifar10_gist512,audit,256,deann_original,13.45695896107224,4.512575308336961,20.75125441838649,1.0045267156464546,0.3202659403603329,1.6165029147580199
cifar10_gist512,audit,256,exact_annular,-15.425052863902632,-27.263146020489817,-4.531057856909092,-0.8633229662517679,-1.464643446420679,-0.2692202566516188
cifar10_gist512,audit,256,uniform_mc,46.016031127040605,40.238803885244145,51.23004018483771,5.50669550823616,4.499526281683741,6.624795152620624
cifar10_gist512,audit,512,deann_mean_relative_error,-46.39077483519274,-58.478123200312005,-35.52992192427827,-1.0269868125778083,-1.2596975583673629,-0.8022136903413037
cifar10_gist512,audit,512,deann_median_time_ns,46.692999749725374,41.84778783390248,51.012200871851476,2.8386672129996087,2.389847911691229,3.3205474805248465
cifar10_gist512,audit,512,deann_original,27.51022903582023,20.760505666368317,34.009502666293486,1.2298847843004785,0.8693068216370999,1.629893084298065
cifar10_gist512,audit,512,exact_annular,11.358693293008193,2.860316804945641,19.929795377425187,0.41527823817807885,0.09884192313811559,0.7843296324996585
cifar10_gist512,audit,512,uniform_mc,57.9488862087952,53.725395235361525,62.03661438838887,4.465957028121611,3.8771492218711208,5.163171904928162
cifar10_gist512,test,32,deann_mean_relative_error,9.137499267193084,1.3337763481760243,15.226468538072544,2.546972311639845,0.3551347310273505,4.345632963708309
cifar10_gist512,test,32,deann_median_time_ns,15.376324662617435,7.694248503638025,22.179936994211904,4.601953338107023,2.178210777782392,6.895963215918438
cifar10_gist512,test,32,deann_original,12.940445233149722,5.314445259635905,19.024690071843725,3.764560935065142,1.5178097763355152,5.703523008120727
cifar10_gist512,test,32,exact_annular,-79.08200174123424,-92.93641538384935,-65.0780109670259,-11.184260334043291,-12.896303047674843,-9.533211819072669
cifar10_gist512,test,32,uniform_mc,21.131874145942685,13.164666842768018,28.206125154412366,6.7860655233187295,4.0061638640279345,9.71323835653314
cifar10_gist512,test,64,deann_mean_relative_error,2.667855721705026,-4.843830941326797,9.504209573172904,0.46210091338542425,-0.8293531446730473,1.7074625028594106
cifar10_gist512,test,64,deann_median_time_ns,20.930932118437752,12.34907552689492,28.457048599688157,4.462854512127171,2.4854367126291486,6.456141436873278
cifar10_gist512,test,64,deann_original,9.805114023830031,3.2223453709148737,15.971499885217225,1.8327427644466794,0.5871948697507431,3.1053530560548444
cifar10_gist512,test,64,exact_annular,-56.93629299559344,-70.23914246207207,-44.71856612510469,-6.116409819335063,-7.28020696756046,-4.914892349090745
cifar10_gist512,test,64,uniform_mc,29.521914259211833,22.68305375733359,36.20376317354547,7.061893991618809,5.014290305620598,9.46608779671009
cifar10_gist512,test,128,deann_mean_relative_error,-2.308735248483118,-10.157626294347114,4.788061351365092,-0.23806203614703814,-1.0204479463603093,0.4996885400810348
cifar10_gist512,test,128,deann_median_time_ns,26.147498595663986,20.344638035647726,31.632843910919163,3.7350263059941144,2.7808043394725828,4.7679448035037035
cifar10_gist512,test,128,deann_original,13.432539281006918,5.9123531219049195,20.801736053955015,1.6369377598538293,0.7089221084806151,2.712553675381827
cifar10_gist512,test,128,exact_annular,-36.96310982246003,-46.993250073083935,-27.38936985725652,-2.8470403380233265,-3.527656331502543,-2.1712457504731018
cifar10_gist512,test,128,uniform_mc,33.61059484994854,27.610785835316776,38.989348265504255,5.340797941050256,4.119892473053737,6.6155822223642
cifar10_gist512,test,256,deann_mean_relative_error,-19.726176420847196,-29.126234706946796,-11.070601609940688,-1.0420722041850288,-1.4902278852630548,-0.6032863851978386
cifar10_gist512,test,256,deann_median_time_ns,36.21117109202731,30.300041302796625,41.77827278414808,3.5903927093688823,2.796712743039685,4.42987736114507
cifar10_gist512,test,256,deann_original,7.014833717232493,-1.2819060342831472,13.925189152987782,0.4771420814409011,-0.08460289071902742,0.9899921982326149
cifar10_gist512,test,256,exact_annular,-24.945282005575198,-35.73267099149455,-14.702548664593143,-1.2627360181349272,-1.7235995675694475,-0.770156125982749
cifar10_gist512,test,256,uniform_mc,45.34744037500996,39.89857041378848,50.31328595255991,5.247908855972757,4.313469829408778,6.267304875075329
cifar10_gist512,test,512,deann_mean_relative_error,-45.78602899958795,-57.86631332838098,-34.679811896256936,-1.0271261802157667,-1.2640514877368256,-0.8067733463202932
cifar10_gist512,test,512,deann_median_time_ns,45.025994035891436,40.447231246962275,49.417411812710746,2.6786295208361746,2.2797653802403053,3.11066317245034
cifar10_gist512,test,512,deann_original,18.953035996530833,12.755828416323116,24.630829747032315,0.7648015563846096,0.4874833214798651,1.0296274095554279
cifar10_gist512,test,512,exact_annular,1.0478968934115485,-8.295209231186897,9.2681203252353,0.03463380842766567,-0.2600161583936283,0.32289075976124326
cifar10_gist512,test,512,uniform_mc,58.23842064197542,53.530040044737206,62.72839114074273,4.560782912064653,3.858572117980883,5.310686757252025
isolet,audit,32,deann_mean_relative_error,4.601482093071052,-3.8579850327622727,12.514892923238248,1.7524823953764535,-1.4646613091679244,4.920165112129967
isolet,audit,32,deann_median_time_ns,14.273319916027349,7.144050094334258,21.036256646409914,6.049319880281844,2.9185437634911,9.151146358259687
isolet,audit,32,deann_original,5.039615349093285,-3.210387289276879,12.496664159919405,1.9282017832074339,-1.1874086598525133,4.955001132059059
isolet,audit,32,exact_annular,-109.6483562428051,-128.82992350915768,-92.80557098031646,-19.00238964720784,-21.637566837513862,-16.436838090152065
isolet,audit,32,uniform_mc,41.90534423818174,31.805801626020248,52.34172130118066,26.207813238632475,17.102828186923023,38.81565701660278
isolet,audit,64,deann_mean_relative_error,-0.8080094006961192,-10.1906510599556,7.321977792052848,-0.1569284552909167,-1.9045350336568925,1.4853047968407684
isolet,audit,64,deann_median_time_ns,18.83645204997231,12.489316554195092,24.31804882596683,4.54379162135344,2.9365737064999635,6.125908095716596
isolet,audit,64,deann_original,1.6341581381274395,-7.208979239688522,9.834858329462348,0.3252595772593819,-1.3923310007444405,1.9966224492622215
isolet,audit,64,exact_annular,-37.5385264989154,-48.62876187838088,-26.178494610959042,-5.3435906258684716,-6.626068875584122,-3.9123030619385317
isolet,audit,64,uniform_mc,51.758473924745886,46.42768938583742,56.83429593426439,21.005873721650612,17.23360374911997,25.127728704991135
isolet,audit,128,deann_mean_relative_error,-35.3635229156199,-49.041104606257754,-23.47539747164478,-3.045855439122479,-4.017141821271374,-2.1456205010022935
isolet,audit,128,deann_median_time_ns,20.336259354865604,13.395472985187013,26.60583364807518,2.976225201560587,1.8741126421863823,4.039062802828544
isolet,audit,128,deann_original,-28.276443753253954,-41.50357557706663,-17.17521285363517,-2.5700009871843816,-3.544946467813633,-1.639614137054367
isolet,audit,128,exact_annular,-14.6664057566813,-24.085311161202405,-5.203206503671706,-1.4912240839848407,-2.3228285863306617,-0.566746372448923
isolet,audit,128,uniform_mc,61.95266540840625,57.26830858066666,66.37951087716073,18.98415063072166,15.972101252932022,22.535931954462974
isolet,audit,256,deann_mean_relative_error,-61.32091525663461,-74.9668781141432,-47.90083672372761,-2.152712317621734,-2.5037789120308234,-1.7722506040108454
isolet,audit,256,deann_median_time_ns,25.440743147260147,19.63342483738116,30.664572270170176,1.932396612053639,1.4267121759376618,2.4529465520570493
isolet,audit,256,deann_original,-23.945377494974096,-34.51279713020177,-13.70619975426277,-1.0941059963986643,-1.5056425956950943,-0.665861582781601
isolet,audit,256,exact_annular,26.4187092087786,18.86144440655805,32.80223544658293,2.0333504550085624,1.373796852496006,2.657608815962305
isolet,audit,256,uniform_mc,73.35189655608374,70.17732048037958,76.43208197928567,15.588814403264792,13.646749339264197,17.828926993937603
isolet,audit,512,deann_mean_relative_error,-87.97709446540074,-104.52816035088274,-73.1216145999501,-1.1439933449861743,-1.3081637883746535,-0.9897800741825632
isolet,audit,512,deann_median_time_ns,35.940126715087025,30.538373462798475,40.49500721205672,1.371362736493104,1.0955277644699621,1.6281016418658514
isolet,audit,512,deann_original,6.2580821738604016,-2.5178434961225697,14.254435106483733,0.16317974226053994,-0.06465087014630094,0.39158614028891714
isolet,audit,512,exact_annular,51.09413822962623,45.00058283907281,56.312044759508595,2.5536947182356915,2.091924373060418,3.0317900447422232
isolet,audit,512,uniform_mc,82.7955542409051,80.45298253404185,84.7417940257505,11.76319095137741,10.47008492288347,13.089934987646842
isolet,test,32,deann_mean_relative_error,6.306861558703947,-3.3187018291843082,14.007579619007956,2.3699750144534457,-1.1489654153613031,5.430770762850417
isolet,test,32,deann_median_time_ns,20.102226455615412,13.489850312463698,26.231664072648865,8.85824606716475,5.7737423508643015,11.863733503434789
isolet,test,32,deann_original,4.98942706880765,-4.551172192823828,13.010841043334846,1.8489152228339245,-1.5676494294932564,4.828740354791278
isolet,test,32,exact_annular,-91.90266230156215,-108.83974100571903,-76.50552017813826,-16.861078447534545,-19.64303727284055,-14.303769905338445
isolet,test,32,uniform_mc,37.74137191344088,31.575429788125433,43.885045797014875,21.343045622400336,16.77427767227357,26.46716398862531
isolet,test,64,deann_mean_relative_error,-13.972474148617685,-24.79374830764875,-4.2527233501727375,-2.5735357282150204,-4.386543626865984,-0.8117887691442354
isolet,test,64,deann_median_time_ns,21.59086029614209,15.174372259967718,27.737173991844323,5.780429673109366,3.903481172481201,7.852309754655565
isolet,test,64,deann_original,-10.363538428349717,-20.657714335598445,-0.9128293342223837,-1.9712391196522627,-3.752510933924149,-0.17678348687442505
isolet,test,64,exact_annular,-46.418484584825315,-59.72376842167024,-34.08502000377933,-6.655059055977625,-8.154575330000231,-5.092944411838985
isolet,test,64,uniform_mc,52.18968488104376,45.69929624781578,58.27149502421548,22.91500370339602,17.910854487780124,28.654303974341104
isolet,test,128,deann_mean_relative_error,-33.27066158772269,-42.975605811182966,-23.600919661139134,-2.7467906914544176,-3.387846727205189,-1.994930841579633
isolet,test,128,deann_median_time_ns,23.961398995515314,18.844072126062013,29.445748909105554,3.4671827775134387,2.653529483345446,4.404650993922952
isolet,test,128,deann_original,-25.208489197891826,-35.594329657123374,-14.672773914691883,-2.215193797164909,-2.978002446935873,-1.3452245823936368
isolet,test,128,exact_annular,2.7330055017570576,-5.710387539487921,10.839245169632166,0.3091531621993146,-0.6175281320415608,1.2630344732299186
isolet,test,128,uniform_mc,64.18811938244893,60.04876471126047,68.36206501458955,19.72087622556491,16.930811815818466,22.823085952347057
isolet,test,256,deann_mean_relative_error,-49.37617960634193,-62.3398479082462,-37.44626429633911,-1.750724093602942,-2.0972568883108504,-1.4036785688811642
isolet,test,256,deann_median_time_ns,25.842263917173547,19.612423192699776,31.67782705252165,1.8456768575613278,1.3478056582805427,2.3546515117892266
isolet,test,256,deann_original,-14.181819668896223,-25.79378497736005,-3.6549300894562022,-0.6578343862864405,-1.1132596145813645,-0.17934306482214918
isolet,test,256,exact_annular,29.658147823595005,22.548026733539807,36.1572254918022,2.2331186480807577,1.6051284905838383,2.887538311988265
isolet,test,256,uniform_mc,76.64914711015994,73.18479478572752,79.49975055494937,17.385458604643294,15.065565690716113,19.889448982487274
isolet,test,512,deann_mean_relative_error,-46.92259631296152,-61.660635812715945,-33.38880472029995,-0.7027718345746571,-0.8510962849911097,-0.5402792102159574
isolet,test,512,deann_median_time_ns,39.09430520816583,34.44564950722746,43.52197684399277,1.4124611290784386,1.1750666558301879,1.6514579865217154
isolet,test,512,deann_original,16.016333550604124,7.806654918115789,23.617209319408424,0.4196518883300377,0.19032202987808133,0.6742078636023451
isolet,test,512,exact_annular,57.79154780312298,52.34631583125253,62.10854880956193,3.01290755901586,2.515587767598316,3.465618356966153
isolet,test,512,uniform_mc,84.2024814016769,82.10213873198526,85.97333143655048,11.728890245409678,10.509232472399502,13.079447263870483
