dataset,phase,method,budget,mean_error,median_latency_ms,mean_kernel_evaluations,observations,error_ci_low,error_ci_high,mean_error_percent,nondominated,dominators
amazon,test,deann_median_time_ns,32,0.19179385054554207,0.8172895,32.302,1000,0.17855866446881097,0.20576899504556373,19.179385054554206,False,final:M32
amazon,test,deann_median_time_ns,64,0.12753542539214396,0.954494,65.18,1000,0.11775828628930984,0.14120848031515731,12.753542539214397,False,final:M64
amazon,test,deann_median_time_ns,128,0.07270177106936258,1.103205,133.156,1000,0.06535620976081453,0.08369412022686769,7.270177106936258,True,
amazon,test,deann_median_time_ns,256,0.043028193345016764,1.4113735,276.89,1000,0.03588110978806661,0.056107446017940175,4.3028193345016765,True,
amazon,test,deann_median_time_ns,512,0.018480008485943812,2.3898115,599.366,1000,0.014619550953919515,0.025665213363230906,1.8480008485943813,True,
amazon,test,deann_original,32,0.1981310842274241,1.583214,32.718,1000,0.18723144584139684,0.20954231846614635,19.81310842274241,False,deann_median_time_ns:M32;deann_median_time_ns:M64;deann_median_time_ns:M128;deann_median_time_ns:M256;final:M32;final:M64;final:M128;uniform_mc:M128
amazon,test,deann_original,64,0.1171208676417343,1.7821575,66.952,1000,0.1101524856139092,0.12355263911506592,11.71208676417343,False,deann_median_time_ns:M128;deann_median_time_ns:M256;final:M64;final:M128
amazon,test,deann_original,128,0.058211633140340543,2.1932895,140.572,1000,0.055308741220930345,0.06103040633096988,5.821163314034054,False,deann_median_time_ns:M256
amazon,test,deann_original,256,0.02039056927426862,3.160526,311.284,1000,0.019170757087772675,0.02153853985296876,2.039056927426862,False,deann_median_time_ns:M512;exact:M0;exact_annular:M512
amazon,test,deann_original,512,0.004709005299076702,6.3226045,794.39,1000,0.004434314868500046,0.004970203857570888,0.47090052990767023,False,exact:M0
amazon,test,exact,0,0.0,3.1184195,720.0,200,0.0,0.0,0.0,True,
amazon,test,exact_annular,32,0.10596769619728853,2.638813,32.0,1000,0.09989773726420084,0.11237480055828776,10.596769619728853,False,deann_median_time_ns:M128;deann_median_time_ns:M256;deann_median_time_ns:M512;deann_original:M128;exact_annular:M64;exact_annular:M128;exact_annular:M256;exact_annular:M512;final:M128
amazon,test,exact_annular,64,0.07335856946688003,2.5947735,64.0,1000,0.06908663060976161,0.07737215327595938,7.335856946688003,False,deann_median_time_ns:M128;deann_median_time_ns:M256;deann_median_time_ns:M512;deann_original:M128;final:M128
amazon,test,exact_annular,128,0.050290650748593485,2.595713,128.0,1000,0.04734116560544595,0.05293427221675466,5.029065074859348,False,deann_median_time_ns:M256;deann_median_time_ns:M512
amazon,test,exact_annular,256,0.03047132904998701,2.6040325,256.0,1000,0.02861516707349486,0.032275098555396085,3.047132904998701,False,deann_median_time_ns:M512
amazon,test,exact_annular,512,0.014976337467173563,2.6104835,512.0,1000,0.014116041942624122,0.015842413656775866,1.4976337467173564,True,
amazon,test,final,32,0.17233400235962082,0.679144,32.0,1000,0.16276873122942834,0.1809283695217415,17.233400235962083,True,
amazon,test,final,64,0.11358818015391439,0.929004,64.0,1000,0.10748826823675017,0.11947093787079198,11.358818015391439,True,
amazon,test,final,128,0.06763445121386859,1.5057575,128.0,1000,0.06412500794554449,0.07152132086865617,6.763445121386859,False,deann_median_time_ns:M256
amazon,test,final,256,0.03494131004400443,2.8600905,256.0,1000,0.03299417812753621,0.03703964861542938,3.494131004400443,False,deann_median_time_ns:M512;exact_annular:M256;exact_annular:M512
amazon,test,final,512,0.012603133342348196,5.785511,512.0,1000,0.011780365840402339,0.013447990143082409,1.2603133342348196,False,exact:M0
amazon,test,uniform_mc,32,0.25392162203813406,0.3717555,32.0,1000,0.21618994427210084,0.3098016837870322,25.392162203813406,True,
amazon,test,uniform_mc,64,0.20754059612339534,0.639255,64.0,1000,0.16869126685136301,0.2566985578845668,20.754059612339535,True,
amazon,test,uniform_mc,128,0.14773525773376064,1.166248,128.0,1000,0.11509310466135937,0.19232897762651777,14.773525773376065,False,deann_median_time_ns:M64;deann_median_time_ns:M128;final:M64
amazon,test,uniform_mc,256,0.10827364730388002,2.45926,256.0,1000,0.07832436640910598,0.1435461538468858,10.827364730388002,False,deann_median_time_ns:M128;deann_median_time_ns:M256;deann_median_time_ns:M512;deann_original:M128;final:M128
amazon,test,uniform_mc,512,0.047514740732144116,5.278063,512.0,1000,0.03585601178296018,0.060347522687235144,4.751474073214411,False,deann_median_time_ns:M256;deann_median_time_ns:M512;deann_original:M256;exact:M0;exact_annular:M256;exact_annular:M512;final:M256
cifar10,audit,deann_mean_relative_error,32,0.3973974969471302,0.998842,32.294,1000,0.37618940108129933,0.4197530185926823,39.73974969471302,False,deann_median_time_ns:M64;deann_median_time_ns:M128;deann_median_time_ns:M256;deann_median_time_ns:M512;deann_original:M32;deann_original:M64;deann_original:M128;deann_original:M256;deann_original:M512;final:M32;final:M64;final:M128;uniform_mc:M64;uniform_mc:M128;uniform_mc:M256
cifar10,audit,deann_mean_relative_error,64,0.20917274985885068,1.115976,65.114,1000,0.19881671446920593,0.21921680457218623,20.91727498588507,False,deann_median_time_ns:M128;deann_median_time_ns:M256;deann_median_time_ns:M512;deann_original:M128;deann_original:M256;deann_original:M512;final:M64;final:M128;final:M256;uniform_mc:M256
cifar10,audit,deann_mean_relative_error,128,0.10178545475393683,1.2242665,132.558,1000,0.09650309919983081,0.10701951677102252,10.178545475393683,False,deann_median_time_ns:M512;deann_original:M256;deann_original:M512;final:M256
cifar10,audit,deann_mean_relative_error,256,0.04297444045727921,1.4496505,275.7,1000,0.04069926187324037,0.04544214940880612,4.297444045727921,True,
cifar10,audit,deann_mean_relative_error,512,0.012783298132934098,1.945163,597.05,1000,0.011895189226511385,0.013656484666039729,1.2783298132934098,True,
cifar10,audit,deann_median_time_ns,32,0.39762601632779615,0.1202195,32.132,1000,0.37301436312996794,0.4222549984100743,39.762601632779614,True,
cifar10,audit,deann_median_time_ns,64,0.29517186304668425,0.135108,64.468,1000,0.2787518219065097,0.3119831809985677,29.517186304668424,True,
cifar10,audit,deann_median_time_ns,128,0.18089873527999653,0.1824175,129.761,1000,0.17134834191434645,0.19090205968198212,18.089873527999654,True,
cifar10,audit,deann_median_time_ns,256,0.11430691439031258,0.269754,262.672,1000,0.10792190111698574,0.12124280737972394,11.430691439031259,True,
cifar10,audit,deann_median_time_ns,512,0.07961351341814644,0.431272,533.658,1000,0.07435229831255188,0.08518798126057671,7.961351341814645,True,
cifar10,audit,deann_original,32,0.36529326929096495,0.2600935,32.198,1000,0.34488922983510295,0.387589730223994,36.5293269290965,False,deann_median_time_ns:M64;deann_median_time_ns:M128;uniform_mc:M64
cifar10,audit,deann_original,64,0.2375044428706855,0.299425,64.888,1000,0.22548671442148951,0.2512560956127622,23.75044428706855,False,deann_median_time_ns:M128;deann_median_time_ns:M256
cifar10,audit,deann_original,128,0.13548748289955428,0.3700995,131.382,1000,0.12814888428346652,0.14235050689153209,13.548748289955428,False,deann_median_time_ns:M256
cifar10,audit,deann_original,256,0.07823981141517108,0.499288,269.994,1000,0.07303013549212706,0.08379579419886704,7.823981141517108,True,
cifar10,audit,deann_original,512,0.04670137180598206,0.77404,571.09,1000,0.043420037009605394,0.0499813939448667,4.670137180598206,True,
cifar10,audit,exact,0,0.0,2.090968,1800.0,200,0.0,0.0,0.0,True,
cifar10,audit,exact_annular,32,0.18152453182046885,2.0511255,32.0,1000,0.16555107948270206,0.2018917300177351,18.152453182046884,False,deann_mean_relative_error:M128;deann_mean_relative_error:M256;deann_mean_relative_error:M512;deann_median_time_ns:M128;deann_median_time_ns:M256;deann_median_time_ns:M512;deann_original:M128;deann_original:M256;deann_original:M512;exact_annular:M64;exact_annular:M128;exact_annular:M256;final:M128;final:M256;final:M512;uniform_mc:M256;uniform_mc:M512
cifar10,audit,exact_annular,64,0.127237586670787,2.036736,64.0,1000,0.11948319063521189,0.13610795889705293,12.7237586670787,False,deann_mean_relative_error:M128;deann_mean_relative_error:M256;deann_mean_relative_error:M512;deann_median_time_ns:M256;deann_median_time_ns:M512;deann_original:M256;deann_original:M512;final:M128;final:M256;final:M512;uniform_mc:M512
cifar10,audit,exact_annular,128,0.08984881568886761,2.042037,128.0,1000,0.08458993923894512,0.09534082073371357,8.984881568886761,False,deann_mean_relative_error:M256;deann_mean_relative_error:M512;deann_median_time_ns:M512;deann_original:M256;deann_original:M512;final:M256;final:M512
cifar10,audit,exact_annular,256,0.06776184432401425,2.045398,256.0,1000,0.06300160697059098,0.07253534385178363,6.776184432401425,False,deann_mean_relative_error:M256;deann_mean_relative_error:M512;deann_original:M512;final:M256;final:M512
cifar10,audit,exact_annular,512,0.042585764302251,2.055718,512.0,1000,0.03964872033538521,0.045763582498532344,4.2585764302251,False,deann_mean_relative_error:M512;final:M512
cifar10,audit,final,32,0.30291707534141415,0.4490235,32.0,1000,0.28366196640367713,0.32335343594409754,30.291707534141416,False,deann_median_time_ns:M64;deann_median_time_ns:M128;deann_median_time_ns:M256;deann_median_time_ns:M512;deann_original:M64;deann_original:M128;uniform_mc:M128
cifar10,audit,final,64,0.1929145210664598,0.542239,64.0,1000,0.18301361948447095,0.20487777094123805,19.291452106645977,False,deann_median_time_ns:M128;deann_median_time_ns:M256;deann_median_time_ns:M512;deann_original:M128;deann_original:M256
cifar10,audit,final,128,0.11598450749988756,0.713973,128.0,1000,0.11010325401304683,0.12230635111087523,11.598450749988757,False,deann_median_time_ns:M256;deann_median_time_ns:M512;deann_original:M256
cifar10,audit,final,256,0.0582866966018769,1.043557,256.0,1000,0.054789722908244506,0.061548310121001405,5.82866966018769,False,deann_original:M512
cifar10,audit,final,512,0.026022230179695925,1.7327525,512.0,1000,0.024394006260953005,0.027762812565031422,2.6022230179695924,True,
cifar10,audit,uniform_mc,32,0.4237192203886768,0.1529645,32.0,1000,0.3943422335999759,0.4567451374489292,42.37192203886768,False,deann_median_time_ns:M32;deann_median_time_ns:M64
cifar10,audit,uniform_mc,64,0.3233902578738145,0.2592185,64.0,1000,0.30120638068631433,0.3479924896937423,32.339025787381445,False,deann_median_time_ns:M64;deann_median_time_ns:M128
cifar10,audit,uniform_mc,128,0.22211339265072186,0.432312,128.0,1000,0.20705735415821577,0.23926692792175525,22.211339265072187,False,deann_median_time_ns:M128;deann_median_time_ns:M256;deann_median_time_ns:M512;deann_original:M128
cifar10,audit,uniform_mc,256,0.15412188667064408,0.7568805,256.0,1000,0.14223364133778052,0.16709402559269662,15.412188667064408,False,deann_median_time_ns:M256;deann_median_time_ns:M512;deann_original:M128;deann_original:M256;final:M128
cifar10,audit,uniform_mc,512,0.09803076089927862,1.4165825,512.0,1000,0.0910719838133822,0.10549121939532118,9.803076089927862,False,deann_median_time_ns:M512;deann_original:M256;deann_original:M512;final:M256
cifar10,test,deann_mean_relative_error,32,0.38690870986055725,0.9899855,32.28,1000,0.3667132894505588,0.4074137907412355,38.69087098605573,False,deann_median_time_ns:M64;deann_median_time_ns:M128;deann_median_time_ns:M256;deann_median_time_ns:M512;deann_original:M32;deann_original:M64;deann_original:M128;deann_original:M256;deann_original:M512;final:M32;final:M64;final:M128;uniform_mc:M64;uniform_mc:M128;uniform_mc:M256
cifar10,test,deann_mean_relative_error,64,0.21539246330581416,1.1216635,65.17,1000,0.20574906125707018,0.2257917161206316,21.539246330581417,False,deann_median_time_ns:M128;deann_median_time_ns:M256;deann_median_time_ns:M512;deann_original:M128;deann_original:M256;deann_original:M512;final:M64;final:M128;final:M256;uniform_mc:M256
cifar10,test,deann_mean_relative_error,128,0.10427094957848185,1.2262035,132.67,1000,0.09910963732918487,0.10954681657669259,10.427094957848185,False,deann_median_time_ns:M512;deann_original:M256;deann_original:M512;final:M256
cifar10,test,deann_mean_relative_error,256,0.04343674848422374,1.4461905,275.588,1000,0.04113397403423188,0.04574173019682238,4.343674848422374,True,
cifar10,test,deann_mean_relative_error,512,0.012996411642285287,1.9650835,596.808,1000,0.012060941569469007,0.013868525696814644,1.2996411642285286,True,
cifar10,test,deann_median_time_ns,32,0.3974498842061462,0.1175875,32.132,1000,0.3718987066703806,0.4222703845661406,39.74498842061462,True,
cifar10,test,deann_median_time_ns,64,0.26728481009141725,0.13325,64.462,1000,0.2521188284734968,0.28212966728387645,26.728481009141724,True,
cifar10,test,deann_median_time_ns,128,0.17852524999370117,0.1795565,129.968,1000,0.16913991769089354,0.18799727417852363,17.852524999370118,True,
cifar10,test,deann_median_time_ns,256,0.11556628129908579,0.2615255,263.355,1000,0.10835885389462518,0.12387353468693434,11.55662812990858,True,
cifar10,test,deann_median_time_ns,512,0.07262779771077303,0.412623,536.681,1000,0.0678199585339595,0.07788750591119724,7.262779771077303,True,
cifar10,test,deann_original,32,0.3779927136076046,0.2697515,32.18,1000,0.35916458404302987,0.39761807378777475,37.799271360760464,False,deann_median_time_ns:M64;deann_median_time_ns:M128;deann_median_time_ns:M256;uniform_mc:M64
cifar10,test,deann_original,64,0.21948919429424196,0.3095395,64.806,1000,0.20908476312187702,0.22984671370240414,21.948919429424198,False,deann_median_time_ns:M128;deann_median_time_ns:M256
cifar10,test,deann_original,128,0.12930651714391925,0.3905185,131.502,1000,0.12271135793008021,0.1358720371866048,12.930651714391924,False,deann_median_time_ns:M256
cifar10,test,deann_original,256,0.08183034329817414,0.534188,269.978,1000,0.07689174471907603,0.08681194499159477,8.183034329817414,False,deann_median_time_ns:M512
cifar10,test,deann_original,512,0.04510052731738914,0.8071775,570.74,1000,0.04212892669275959,0.04810918379468816,4.510052731738914,True,
cifar10,test,exact,0,0.0,2.110189,1800.0,200,0.0,0.0,0.0,True,
cifar10,test,exact_annular,32,0.17543404813837454,2.048662,32.0,1000,0.1633625469042446,0.18884178054692927,17.543404813837455,False,deann_mean_relative_error:M128;deann_mean_relative_error:M256;deann_mean_relative_error:M512;deann_median_time_ns:M256;deann_median_time_ns:M512;deann_original:M128;deann_original:M256;deann_original:M512;exact_annular:M64;exact_annular:M128;exact_annular:M256;final:M128;final:M256;final:M512;uniform_mc:M256;uniform_mc:M512
cifar10,test,exact_annular,64,0.1297995078369139,2.036047,64.0,1000,0.1216610348113606,0.1383072357618763,12.979950783691391,False,deann_mean_relative_error:M128;deann_mean_relative_error:M256;deann_mean_relative_error:M512;deann_median_time_ns:M256;deann_median_time_ns:M512;deann_original:M128;deann_original:M256;deann_original:M512;final:M128;final:M256;final:M512;uniform_mc:M512
cifar10,test,exact_annular,128,0.0943123248371801,2.038964,128.0,1000,0.0877968919294473,0.10167506486938585,9.431232483718011,False,deann_mean_relative_error:M256;deann_mean_relative_error:M512;deann_median_time_ns:M512;deann_original:M256;deann_original:M512;final:M256;final:M512
cifar10,test,exact_annular,256,0.06602088606840263,2.045316,256.0,1000,0.061635247317387135,0.07065715575708002,6.6020886068402636,False,deann_mean_relative_error:M256;deann_mean_relative_error:M512;deann_original:M512;final:M256;final:M512
cifar10,test,exact_annular,512,0.044046000974225404,2.0576985,512.0,1000,0.04076894461688522,0.04759588539545157,4.4046000974225405,False,deann_mean_relative_error:M256;deann_mean_relative_error:M512;final:M512
cifar10,test,final,32,0.29523692956372377,0.4483235,32.0,1000,0.27753220875776996,0.31277584212957854,29.523692956372376,False,deann_median_time_ns:M64;deann_median_time_ns:M128;deann_median_time_ns:M256;deann_median_time_ns:M512;deann_original:M64;deann_original:M128;uniform_mc:M128
cifar10,test,final,64,0.18921042837879634,0.5413285,64.0,1000,0.17713597442554105,0.2016150338757276,18.921042837879636,False,deann_median_time_ns:M128;deann_median_time_ns:M256;deann_median_time_ns:M512;deann_original:M128;deann_original:M256
cifar10,test,final,128,0.11239368781111637,0.7129485,128.0,1000,0.10557968806366327,0.11918864096964966,11.239368781111638,False,deann_median_time_ns:M512;deann_original:M256
cifar10,test,final,256,0.059017964236125306,1.0428545,256.0,1000,0.05618423691097529,0.06167662533013426,5.901796423612531,False,deann_original:M512
cifar10,test,final,512,0.02517561648783075,1.7325405,512.0,1000,0.023785223582041454,0.026690242772826805,2.517561648783075,True,
cifar10,test,uniform_mc,32,0.421562919238302,0.1524495,32.0,1000,0.3863577619914186,0.46887710842313146,42.1562919238302,False,deann_median_time_ns:M32;deann_median_time_ns:M64
cifar10,test,uniform_mc,64,0.31154236787074024,0.2604695,64.0,1000,0.2916697222474462,0.33347772293276845,31.154236787074023,False,deann_median_time_ns:M64;deann_median_time_ns:M128
cifar10,test,uniform_mc,128,0.2198982212649638,0.4323255,128.0,1000,0.20489197939381384,0.2346626307761026,21.98982212649638,False,deann_median_time_ns:M128;deann_median_time_ns:M256;deann_median_time_ns:M512;deann_original:M64;deann_original:M128
cifar10,test,uniform_mc,256,0.15289845816605713,0.7578735,256.0,1000,0.14204280025968852,0.16348084394081022,15.289845816605713,False,deann_median_time_ns:M256;deann_median_time_ns:M512;deann_original:M128;deann_original:M256;final:M128
cifar10,test,uniform_mc,512,0.0996409263335641,1.414708,512.0,1000,0.09211495312486813,0.10764786232753443,9.96409263335641,False,deann_median_time_ns:M512;deann_original:M256;deann_original:M512;final:M256
cifar10_gist512,audit,deann_mean_relative_error,32,0.2931842362987698,0.192587,32.228,1000,0.27752488940469916,0.3096189967311403,29.31842362987698,False,deann_median_time_ns:M64;deann_median_time_ns:M128;deann_median_time_ns:M256;deann_median_time_ns:M512;deann_original:M64;deann_original:M128;deann_original:M256;deann_original:M512;uniform_mc:M64;uniform_mc:M128
cifar10_gist512,audit,deann_mean_relative_error,64,0.17623253925244678,0.200362,64.846,1000,0.1672848637306886,0.18519533093511364,17.62325392524468,False,deann_median_time_ns:M128;deann_median_time_ns:M256;deann_median_time_ns:M512;deann_original:M128;deann_original:M256;deann_original:M512
cifar10_gist512,audit,deann_mean_relative_error,128,0.09966501458784457,0.2144995,131.544,1000,0.09444949425501911,0.10502005300760217,9.966501458784457,False,deann_median_time_ns:M512;deann_original:M256;deann_original:M512
cifar10_gist512,audit,deann_mean_relative_error,256,0.052706792127583724,0.2420495,270.204,1000,0.05027856704054201,0.055077651596719436,5.270679212758372,False,deann_original:M512
cifar10_gist512,audit,deann_mean_relative_error,512,0.022137737863320198,0.3194675,571.218,1000,0.021097793447929704,0.02317205953090249,2.2137737863320197,True,
cifar10_gist512,audit,deann_median_time_ns,32,0.31232607091408743,0.0460695,32.132,1000,0.2945299305372771,0.33101451773628315,31.23260709140874,True,
cifar10_gist512,audit,deann_median_time_ns,64,0.2228155689381556,0.05063,64.494,1000,0.2054090388358477,0.2434931456452181,22.28155689381556,True,
cifar10_gist512,audit,deann_median_time_ns,128,0.15098403875077668,0.0563965,130.012,1000,0.14224873801095397,0.15999859579873468,15.098403875077668,True,
cifar10_gist512,audit,deann_median_time_ns,256,0.10089345251257244,0.069308,264.052,1000,0.09502244296783147,0.1069271421750868,10.089345251257244,True,
cifar10_gist512,audit,deann_median_time_ns,512,0.06079427811909435,0.0992415,534.815,1000,0.05620049833993613,0.06571920825906669,6.079427811909436,True,
cifar10_gist512,audit,deann_original,32,0.3035379498161267,0.066297,32.206,1000,0.28787873226126975,0.32040705457854357,30.35379498161267,False,deann_median_time_ns:M64;deann_median_time_ns:M128
cifar10_gist512,audit,deann_original,64,0.19780626200784904,0.0738655,64.878,1000,0.1876264656473716,0.20830159248997546,19.780626200784905,False,deann_median_time_ns:M128;deann_median_time_ns:M256
cifar10_gist512,audit,deann_original,128,0.11796623037703116,0.085898,131.502,1000,0.1117975715351197,0.12460488633245499,11.796623037703116,False,deann_median_time_ns:M256
cifar10_gist512,audit,deann_original,256,0.07464737899196312,0.111907,270.264,1000,0.07037230417907826,0.07937150641264841,7.4647378991963125,False,deann_median_time_ns:M512
cifar10_gist512,audit,deann_original,512,0.04470645383210307,0.18483,570.425,1000,0.041343236182424796,0.048291529459880966,4.470645383210306,True,
cifar10_gist512,audit,exact,0,0.0,0.3666535,1800.0,200,0.0,0.0,0.0,True,
cifar10_gist512,audit,exact_annular,32,0.1503372479292873,0.5537075,32.0,1000,0.141679161961175,0.1597047120680277,15.03372479292873,False,deann_mean_relative_error:M128;deann_mean_relative_error:M256;deann_mean_relative_error:M512;deann_median_time_ns:M256;deann_median_time_ns:M512;deann_original:M128;deann_original:M256;deann_original:M512;exact:M0;exact_annular:M64;final:M128;final:M256;uniform_mc:M256;uniform_mc:M512
cifar10_gist512,audit,exact_annular,64,0.11304748750519672,0.553028,64.0,1000,0.10587805712803695,0.12098852975093755,11.304748750519671,False,deann_mean_relative_error:M128;deann_mean_relative_error:M256;deann_mean_relative_error:M512;deann_median_time_ns:M256;deann_median_time_ns:M512;deann_original:M256;deann_original:M512;exact:M0;final:M128;final:M256;uniform_mc:M512
cifar10_gist512,audit,exact_annular,128,0.08139537787288534,0.555651,128.0,1000,0.07449872565755956,0.08889537278374206,8.139537787288534,False,deann_mean_relative_error:M256;deann_mean_relative_error:M512;deann_median_time_ns:M512;deann_original:M256;deann_original:M512;exact:M0;final:M256;uniform_mc:M512
cifar10_gist512,audit,exact_annular,256,0.05596888217298092,0.5590055,256.0,1000,0.0515628387110394,0.061357592826735106,5.596888217298092,False,deann_mean_relative_error:M256;deann_mean_relative_error:M512;deann_original:M512;exact:M0
cifar10_gist512,audit,exact_annular,512,0.03656038837087911,0.571355,512.0,1000,0.03378443146725868,0.039781636998692076,3.656038837087911,False,deann_mean_relative_error:M512;exact:M0
cifar10_gist512,audit,final,32,0.26141441964783696,0.306658,32.0,1000,0.2442054322830441,0.27922496750092735,26.141441964783695,False,deann_mean_relative_error:M64;deann_mean_relative_error:M128;deann_mean_relative_error:M256;deann_median_time_ns:M64;deann_median_time_ns:M128;deann_median_time_ns:M256;deann_median_time_ns:M512;deann_original:M64;deann_original:M128;deann_original:M256;deann_original:M512;uniform_mc:M64;uniform_mc:M128;uniform_mc:M256
cifar10_gist512,audit,final,64,0.165470909739481,0.3157545,64.0,1000,0.15591513750003708,0.17550044784053942,16.5470909739481,False,deann_mean_relative_error:M128;deann_mean_relative_error:M256;deann_median_time_ns:M128;deann_median_time_ns:M256;deann_median_time_ns:M512;deann_original:M128;deann_original:M256;deann_original:M512;uniform_mc:M256
cifar10_gist512,audit,final,128,0.10876861351001388,0.372247,128.0,1000,0.10260413039697007,0.1152539846120603,10.876861351001388,False,deann_mean_relative_error:M128;deann_mean_relative_error:M256;deann_mean_relative_error:M512;deann_median_time_ns:M256;deann_median_time_ns:M512;deann_original:M256;deann_original:M512;exact:M0;uniform_mc:M512
cifar10_gist512,audit,final,256,0.06460211183549858,0.4664815,256.0,1000,0.06030084521502753,0.06977630214019037,6.460211183549857,False,deann_mean_relative_error:M256;deann_mean_relative_error:M512;deann_median_time_ns:M512;deann_original:M512;exact:M0
cifar10_gist512,audit,final,512,0.032407605989098295,0.61245,512.0,1000,0.030360574614689162,0.03466994379370724,3.2407605989098296,False,deann_mean_relative_error:M512;exact:M0
cifar10_gist512,audit,uniform_mc,32,0.33744961544052676,0.079843,32.0,1000,0.31370759216198235,0.36437213843051885,33.74496154405268,False,deann_median_time_ns:M32;deann_median_time_ns:M64;deann_median_time_ns:M128;deann_median_time_ns:M256;deann_original:M32;deann_original:M64
cifar10_gist512,audit,uniform_mc,64,0.2276358001023557,0.084945,64.0,1000,0.21251305713321478,0.24509150338559754,22.76358001023557,False,deann_median_time_ns:M64;deann_median_time_ns:M128;deann_median_time_ns:M256;deann_original:M64
cifar10_gist512,audit,uniform_mc,128,0.18126343991694877,0.119605,128.0,1000,0.16376335081510246,0.20124811673542045,18.126343991694878,False,deann_median_time_ns:M128;deann_median_time_ns:M256;deann_median_time_ns:M512;deann_original:M128;deann_original:M256
cifar10_gist512,audit,uniform_mc,256,0.11966906691786021,0.205117,256.0,1000,0.10953698992650082,0.130677070183185,11.96690669178602,False,deann_median_time_ns:M256;deann_median_time_ns:M512;deann_original:M128;deann_original:M256;deann_original:M512
cifar10_gist512,audit,uniform_mc,512,0.07706717627031438,0.349152,512.0,1000,0.07118865398208062,0.0837599168014839,7.706717627031439,False,deann_mean_relative_error:M256;deann_mean_relative_error:M512;deann_median_time_ns:M512;deann_original:M256;deann_original:M512
cifar10_gist512,test,deann_mean_relative_error,32,0.27873844223270067,0.186452,32.254,1000,0.2630132187335439,0.29426514516448615,27.873844223270066,False,deann_median_time_ns:M64;deann_median_time_ns:M128;deann_median_time_ns:M256;deann_median_time_ns:M512;deann_original:M64;deann_original:M128;deann_original:M256;deann_original:M512;uniform_mc:M64;uniform_mc:M128
cifar10_gist512,test,deann_mean_relative_error,64,0.1732106086644352,0.193369,64.866,1000,0.16342161447949682,0.18144154117626538,17.32106086644352,False,deann_median_time_ns:M128;deann_median_time_ns:M256;deann_median_time_ns:M512;deann_original:M128;deann_original:M256;deann_original:M512;uniform_mc:M128
cifar10_gist512,test,deann_mean_relative_error,128,0.10311361439274999,0.207144,131.582,1000,0.0983812965991524,0.10793655462601404,10.311361439274998,False,deann_median_time_ns:M256;deann_median_time_ns:M512;deann_original:M256;deann_original:M512
cifar10_gist512,test,deann_mean_relative_error,256,0.0528268723726782,0.236534,270.4,1000,0.05008620692343874,0.05530757069901324,5.28268723726782,False,deann_original:M512
cifar10_gist512,test,deann_mean_relative_error,512,0.022433178911956096,0.3130985,570.414,1000,0.021268667523657917,0.023533388805187357,2.2433178911956095,True,
cifar10_gist512,test,deann_median_time_ns,32,0.29928825249737245,0.0477265,32.11,1000,0.2801783999711301,0.3205212729394452,29.928825249737244,True,
cifar10_gist512,test,deann_median_time_ns,64,0.21321814465185288,0.050243,64.468,1000,0.1963885355231458,0.23126451822761107,21.321814465185287,True,
cifar10_gist512,test,deann_median_time_ns,128,0.14284449781416156,0.056601,129.924,1000,0.1342705023265017,0.15224188150285387,14.284449781416155,True,
cifar10_gist512,test,deann_median_time_ns,256,0.09915152150821727,0.0684935,264.04,1000,0.09137240677444208,0.1069208292075956,9.915152150821726,True,
cifar10_gist512,test,deann_median_time_ns,512,0.05949073592247552,0.101005,535.733,1000,0.055216565102733386,0.06383870569952298,5.949073592247553,True,
cifar10_gist512,test,deann_original,32,0.2909143284669537,0.068544,32.24,1000,0.2746981425996183,0.30769924185120057,29.09143284669537,False,deann_median_time_ns:M64;deann_median_time_ns:M128;deann_median_time_ns:M256
cifar10_gist512,test,deann_original,64,0.18691702717504785,0.0753355,64.838,1000,0.17630442723942552,0.1967187055754262,18.691702717504786,False,deann_median_time_ns:M128;deann_median_time_ns:M256
cifar10_gist512,test,deann_original,128,0.12186361235275857,0.0873245,131.542,1000,0.11425711657520207,0.13046931377662246,12.186361235275857,False,deann_median_time_ns:M256
cifar10_gist512,test,deann_original,256,0.0680190152289375,0.1134305,270.316,1000,0.06405412226443906,0.07191416920818558,6.80190152289375,False,deann_median_time_ns:M512
cifar10_gist512,test,deann_original,512,0.04035245627795985,0.1852565,570.781,1000,0.03772321925903698,0.04333255898966771,4.035245627795985,True,
cifar10_gist512,test,exact,0,0.0,0.3641185,1800.0,200,0.0,0.0,0.0,True,
cifar10_gist512,test,exact_annular,32,0.14142611577586936,0.5545765,32.0,1000,0.1341190221829238,0.14932508166363612,14.142611577586935,False,deann_mean_relative_error:M128;deann_mean_relative_error:M256;deann_mean_relative_error:M512;deann_median_time_ns:M256;deann_median_time_ns:M512;deann_original:M128;deann_original:M256;deann_original:M512;exact:M0;exact_annular:M64;exact_annular:M128;final:M128;final:M256;uniform_mc:M256;uniform_mc:M512
cifar10_gist512,test,exact_annular,64,0.10742550133723032,0.5514625,64.0,1000,0.10147832797468101,0.1141922317399049,10.742550133723032,False,deann_mean_relative_error:M128;deann_mean_relative_error:M256;deann_mean_relative_error:M512;deann_median_time_ns:M256;deann_median_time_ns:M512;deann_original:M256;deann_original:M512;exact:M0;final:M128;final:M256;uniform_mc:M512
cifar10_gist512,test,exact_annular,128,0.07702383137398709,0.5529785,128.0,1000,0.07261066322934716,0.0817791164164303,7.7023831373987095,False,deann_mean_relative_error:M256;deann_mean_relative_error:M512;deann_median_time_ns:M512;deann_original:M256;deann_original:M512;exact:M0;final:M256
cifar10_gist512,test,exact_annular,256,0.050620234233179254,0.5592565,256.0,1000,0.04725514179418366,0.054121914491716126,5.0620234233179255,False,deann_mean_relative_error:M512;deann_original:M512;exact:M0
cifar10_gist512,test,exact_annular,512,0.033050778798390426,0.568903,512.0,1000,0.03063728020458119,0.035468975138832175,3.3050778798390428,False,deann_mean_relative_error:M512;exact:M0
cifar10_gist512,test,final,32,0.2532687191163023,0.3047315,32.0,1000,0.23799961824805405,0.2704856275654141,25.326871911630228,False,deann_mean_relative_error:M64;deann_mean_relative_error:M128;deann_mean_relative_error:M256;deann_median_time_ns:M64;deann_median_time_ns:M128;deann_median_time_ns:M256;deann_median_time_ns:M512;deann_original:M64;deann_original:M128;deann_original:M256;deann_original:M512;uniform_mc:M64;uniform_mc:M128;uniform_mc:M256
cifar10_gist512,test,final,64,0.16858959953058106,0.313597,64.0,1000,0.1577147367084611,0.17968005023336434,16.858959953058104,False,deann_mean_relative_error:M128;deann_mean_relative_error:M256;deann_mean_relative_error:M512;deann_median_time_ns:M128;deann_median_time_ns:M256;deann_median_time_ns:M512;deann_original:M128;deann_original:M256;deann_original:M512;uniform_mc:M128;uniform_mc:M256
cifar10_gist512,test,final,128,0.10549423475422037,0.369872,128.0,1000,0.09933827039223668,0.11194718740448277,10.549423475422037,False,deann_mean_relative_error:M128;deann_mean_relative_error:M256;deann_mean_relative_error:M512;deann_median_time_ns:M256;deann_median_time_ns:M512;deann_original:M256;deann_original:M512;exact:M0;uniform_mc:M512
cifar10_gist512,test,final,256,0.0632475944145285,0.4649735,256.0,1000,0.05967940215345871,0.06725701530389101,6.32475944145285,False,deann_mean_relative_error:M256;deann_mean_relative_error:M512;deann_median_time_ns:M512;deann_original:M512;exact:M0
cifar10_gist512,test,final,512,0.032704440714113756,0.606491,512.0,1000,0.03069496450377027,0.03471020270406849,3.2704440714113754,False,deann_mean_relative_error:M512;exact:M0
cifar10_gist512,test,uniform_mc,32,0.32112937434948957,0.0799805,32.0,1000,0.2967166275891591,0.3492943975355513,32.112937434948954,False,deann_median_time_ns:M32;deann_median_time_ns:M64;deann_median_time_ns:M128;deann_median_time_ns:M256;deann_original:M32;deann_original:M64
cifar10_gist512,test,uniform_mc,64,0.2392085394467691,0.085484,64.0,1000,0.21903706847070467,0.2614833505837744,23.92085394467691,False,deann_median_time_ns:M64;deann_median_time_ns:M128;deann_median_time_ns:M256;deann_original:M64
cifar10_gist512,test,uniform_mc,128,0.15890221416472297,0.1184975,128.0,1000,0.14784674734008077,0.1718392258688733,15.890221416472297,False,deann_median_time_ns:M128;deann_median_time_ns:M256;deann_median_time_ns:M512;deann_original:M128;deann_original:M256
cifar10_gist512,test,uniform_mc,256,0.11572668297425605,0.201692,256.0,1000,0.10703431286185938,0.1253767853725456,11.572668297425604,False,deann_median_time_ns:M256;deann_median_time_ns:M512;deann_original:M256;deann_original:M512
cifar10_gist512,test,uniform_mc,512,0.07831226983476029,0.34306,512.0,1000,0.07157036655279181,0.08524551878819128,7.8312269834760295,False,deann_mean_relative_error:M256;deann_mean_relative_error:M512;deann_median_time_ns:M512;deann_original:M256;deann_original:M512
isolet,audit,deann_mean_relative_error,32,0.3808517255810589,0.10092,32.288,1000,0.36195712520230017,0.40136685867021865,38.08517255810589,False,deann_median_time_ns:M64;deann_median_time_ns:M128;deann_median_time_ns:M256;deann_original:M64
isolet,audit,deann_mean_relative_error,64,0.19421612564868784,0.1159015,65.078,1000,0.1834927883441058,0.2050037222935104,19.421612564868784,False,deann_median_time_ns:M128;deann_median_time_ns:M256;deann_original:M128
isolet,audit,deann_mean_relative_error,128,0.08612986456100899,0.1414485,132.65,1000,0.08022459655115438,0.09186224820742607,8.612986456100899,False,deann_median_time_ns:M256;deann_median_time_ns:M512
isolet,audit,deann_mean_relative_error,256,0.035105678194991094,0.2060735,275.366,1000,0.032844150637055904,0.03790454077831199,3.5105678194991095,True,
isolet,audit,deann_mean_relative_error,512,0.013003309008301921,0.32585,596.918,1000,0.012002374909057888,0.014118304293192763,1.3003309008301922,True,
isolet,audit,deann_median_time_ns,32,0.42382010043011337,0.054483,32.136,1000,0.3976518211252764,0.44958669285907066,42.382010043011334,True,
isolet,audit,deann_median_time_ns,64,0.24122332641513128,0.0594405,64.466,1000,0.22714726840534366,0.25490489137179445,24.12233264151313,True,
isolet,audit,deann_median_time_ns,128,0.1463506709678396,0.066837,129.968,1000,0.13799912699935127,0.1554816546407867,14.63506709678396,True,
isolet,audit,deann_median_time_ns,256,0.07595676749174476,0.081265,263.629,1000,0.07142431684163782,0.0807068450208493,7.595676749174476,True,
isolet,audit,deann_median_time_ns,512,0.0381568698230947,0.11927,543.724,1000,0.03548570443387951,0.04077873692879417,3.81568698230947,True,
isolet,audit,deann_original,32,0.382608919459369,0.074129,32.286,1000,0.36443759983351737,0.4041631027653353,38.2608919459369,False,deann_median_time_ns:M64;deann_median_time_ns:M128
isolet,audit,deann_original,64,0.1990380059741908,0.088286,65.098,1000,0.18826136244297972,0.21009994082729327,19.90380059741908,False,deann_median_time_ns:M128;deann_median_time_ns:M256
isolet,audit,deann_original,128,0.09088840908038996,0.112924,132.696,1000,0.0853113904372442,0.09695073246186196,9.088840908038996,False,deann_median_time_ns:M256
isolet,audit,deann_original,256,0.04569174140722179,0.1789975,275.523,1000,0.042153904685675245,0.04925486213822485,4.569174140722179,False,deann_median_time_ns:M512
isolet,audit,deann_original,512,0.02607503988076904,0.2953245,564.252,1000,0.023806166029702917,0.02840493966886277,2.6075039880769038,True,
isolet,audit,exact,0,0.0,0.4134635,1800.0,200,0.0,0.0,0.0,True,
isolet,audit,exact_annular,32,0.17330300515521627,0.6220255,32.0,1000,0.16291417486764592,0.1834073539550048,17.33030051552163,False,deann_mean_relative_error:M128;deann_mean_relative_error:M256;deann_mean_relative_error:M512;deann_median_time_ns:M128;deann_median_time_ns:M256;deann_median_time_ns:M512;deann_original:M128;deann_original:M256;deann_original:M512;exact:M0;exact_annular:M64;exact_annular:M128;final:M128;final:M256;uniform_mc:M512
isolet,audit,exact_annular,64,0.1423495039429122,0.6194395,64.0,1000,0.13366477548488348,0.15213918626063266,14.234950394291221,False,deann_mean_relative_error:M128;deann_mean_relative_error:M256;deann_mean_relative_error:M512;deann_median_time_ns:M256;deann_median_time_ns:M512;deann_original:M128;deann_original:M256;deann_original:M512;exact:M0;final:M128;final:M256;uniform_mc:M512
isolet,audit,exact_annular,128,0.10167617811238532,0.621934,128.0,1000,0.09527828534830884,0.1086680618236777,10.167617811238532,False,deann_mean_relative_error:M128;deann_mean_relative_error:M256;deann_mean_relative_error:M512;deann_median_time_ns:M256;deann_median_time_ns:M512;deann_original:M128;deann_original:M256;deann_original:M512;exact:M0;final:M256
isolet,audit,exact_annular,256,0.07696630592129405,0.627444,256.0,1000,0.07203104842496957,0.0824629468573509,7.696630592129406,False,deann_mean_relative_error:M256;deann_mean_relative_error:M512;deann_median_time_ns:M256;deann_median_time_ns:M512;deann_original:M256;deann_original:M512;exact:M0;final:M256
isolet,audit,exact_annular,512,0.04998018964052056,0.637708,512.0,1000,0.046218909633426,0.05420774173217803,4.998018964052056,False,deann_mean_relative_error:M256;deann_mean_relative_error:M512;deann_median_time_ns:M512;deann_original:M256;deann_original:M512;exact:M0;final:M512
isolet,audit,final,32,0.3633269016272947,0.3076915,32.0,1000,0.3370987180762726,0.39082437732237135,36.33269016272947,False,deann_mean_relative_error:M64;deann_mean_relative_error:M128;deann_mean_relative_error:M256;deann_median_time_ns:M64;deann_median_time_ns:M128;deann_median_time_ns:M256;deann_median_time_ns:M512;deann_original:M64;deann_original:M128;deann_original:M256;deann_original:M512;uniform_mc:M128;uniform_mc:M256
isolet,audit,final,64,0.195785410201597,0.320672,64.0,1000,0.18381771515907477,0.2083487578378945,19.5785410201597,False,deann_mean_relative_error:M64;deann_mean_relative_error:M128;deann_mean_relative_error:M256;deann_median_time_ns:M128;deann_median_time_ns:M256;deann_median_time_ns:M512;deann_original:M128;deann_original:M256;deann_original:M512
isolet,audit,final,128,0.11658841895223376,0.3885585,128.0,1000,0.11028172189108909,0.12364844310383621,11.658841895223377,False,deann_mean_relative_error:M128;deann_mean_relative_error:M256;deann_mean_relative_error:M512;deann_median_time_ns:M256;deann_median_time_ns:M512;deann_original:M128;deann_original:M256;deann_original:M512
isolet,audit,final,256,0.056632801371208415,0.4839035,256.0,1000,0.0537808193468458,0.05971208662850093,5.663280137120841,False,deann_mean_relative_error:M256;deann_mean_relative_error:M512;deann_median_time_ns:M512;deann_original:M256;deann_original:M512;exact:M0
isolet,audit,final,512,0.024443242458163657,0.6362425,512.0,1000,0.022826776400127025,0.026143643054869554,2.444324245816366,False,deann_mean_relative_error:M512;exact:M0
isolet,audit,uniform_mc,32,0.625405034013619,0.0831115,32.0,1000,0.5307948252907203,0.7519994318816617,62.5405034013619,False,deann_median_time_ns:M32;deann_median_time_ns:M64;deann_median_time_ns:M128;deann_median_time_ns:M256;deann_original:M32
isolet,audit,uniform_mc,64,0.4058441474181031,0.0892085,64.0,1000,0.36821734146008034,0.4434307078383658,40.584414741810306,False,deann_median_time_ns:M64;deann_median_time_ns:M128;deann_median_time_ns:M256;deann_original:M32;deann_original:M64
isolet,audit,uniform_mc,128,0.3064299252594505,0.131116,128.0,1000,0.2777328375114988,0.34185400470725963,30.64299252594505,False,deann_mean_relative_error:M64;deann_median_time_ns:M64;deann_median_time_ns:M128;deann_median_time_ns:M256;deann_median_time_ns:M512;deann_original:M64;deann_original:M128
isolet,audit,uniform_mc,256,0.21252094540385627,0.22356,256.0,1000,0.194509193995623,0.23356241189157137,21.252094540385627,False,deann_mean_relative_error:M64;deann_mean_relative_error:M128;deann_mean_relative_error:M256;deann_median_time_ns:M128;deann_median_time_ns:M256;deann_median_time_ns:M512;deann_original:M64;deann_original:M128;deann_original:M256
isolet,audit,uniform_mc,512,0.14207515197193785,0.375282,512.0,1000,0.12966355723985928,0.15530009191049993,14.207515197193784,False,deann_mean_relative_error:M128;deann_mean_relative_error:M256;deann_mean_relative_error:M512;deann_median_time_ns:M256;deann_median_time_ns:M512;deann_original:M128;deann_original:M256;deann_original:M512
isolet,test,deann_mean_relative_error,32,0.37577723759969067,0.100264,32.296,1000,0.3518446951204004,0.39877394718812753,37.57772375996907,False,deann_median_time_ns:M64;deann_median_time_ns:M128;deann_median_time_ns:M256;deann_original:M32;deann_original:M64
isolet,test,deann_mean_relative_error,64,0.18418611484563893,0.115098,65.216,1000,0.17357892363998714,0.19490048223423134,18.418611484563893,False,deann_median_time_ns:M128;deann_median_time_ns:M256;deann_original:M128
isolet,test,deann_mean_relative_error,128,0.08255894413797948,0.1431425,132.81,1000,0.07727479934720476,0.08765767695073373,8.255894413797948,False,deann_median_time_ns:M256;deann_median_time_ns:M512
isolet,test,deann_mean_relative_error,256,0.03545685607029179,0.206085,275.46,1000,0.03265134337990152,0.03833627292646355,3.5456856070291787,True,
isolet,test,deann_mean_relative_error,512,0.014977258075988622,0.330173,596.136,1000,0.013586995121443542,0.016553699986234283,1.4977258075988622,True,
isolet,test,deann_median_time_ns,32,0.44065994812680337,0.0565085,32.098,1000,0.41159365070524573,0.4665009166543236,44.06599481268034,True,
isolet,test,deann_median_time_ns,64,0.2677257688588828,0.0621045,64.512,1000,0.2503192223441307,0.28650560752250503,26.772576885888277,True,
isolet,test,deann_median_time_ns,128,0.14469867882765802,0.0691605,129.906,1000,0.13695762143557227,0.1531924235983128,14.469867882765802,True,
isolet,test,deann_median_time_ns,256,0.07142086558193445,0.0846365,263.728,1000,0.06683888697284979,0.07581694696869809,7.142086558193444,True,
isolet,test,deann_median_time_ns,512,0.036129587712519576,0.1221585,542.939,1000,0.033436108979824034,0.038656535450035785,3.6129587712519577,True,
isolet,test,deann_original,32,0.37056663968349546,0.075131,32.294,1000,0.348877279598773,0.391323062243084,37.05666396834955,False,deann_median_time_ns:M64;deann_median_time_ns:M128
isolet,test,deann_original,64,0.19020908093126648,0.0882015,65.24,1000,0.17966701324263568,0.20116421517052122,19.02090809312665,False,deann_median_time_ns:M128;deann_median_time_ns:M256
isolet,test,deann_original,128,0.08787491308087456,0.1139875,132.563,1000,0.08205249153729668,0.09394238077561527,8.787491308087455,False,deann_median_time_ns:M256
isolet,test,deann_original,256,0.046385753143456776,0.1776195,273.498,1000,0.042184647609105,0.05031215958497343,4.638575314345678,False,deann_median_time_ns:M512
isolet,test,deann_original,512,0.02620149530503556,0.2944875,560.36,1000,0.02382258843911321,0.029014657219017685,2.6201495305035563,True,
isolet,test,exact,0,0.0,0.422546,1800.0,200,0.0,0.0,0.0,True,
isolet,test,exact_annular,32,0.1834667029798107,0.6303735,32.0,1000,0.17243276012464834,0.19408628310886822,18.346670297981067,False,deann_mean_relative_error:M128;deann_mean_relative_error:M256;deann_mean_relative_error:M512;deann_median_time_ns:M128;deann_median_time_ns:M256;deann_median_time_ns:M512;deann_original:M128;deann_original:M256;deann_original:M512;exact:M0;exact_annular:M64;exact_annular:M128;final:M128;final:M256;uniform_mc:M512
isolet,test,exact_annular,64,0.14337088156801292,0.6272785,64.0,1000,0.132830012706787,0.15403062823056374,14.337088156801292,False,deann_mean_relative_error:M128;deann_mean_relative_error:M256;deann_mean_relative_error:M512;deann_median_time_ns:M256;deann_median_time_ns:M512;deann_original:M128;deann_original:M256;deann_original:M512;exact:M0;final:M128;final:M256;uniform_mc:M512
isolet,test,exact_annular,128,0.11311838267451672,0.6301105,128.0,1000,0.10569041688451272,0.12054806312570085,11.311838267451673,False,deann_mean_relative_error:M128;deann_mean_relative_error:M256;deann_mean_relative_error:M512;deann_median_time_ns:M256;deann_median_time_ns:M512;deann_original:M128;deann_original:M256;deann_original:M512;exact:M0;final:M128;final:M256
isolet,test,exact_annular,256,0.07529528348712879,0.633914,256.0,1000,0.0698158928449652,0.08059666464711301,7.529528348712879,False,deann_mean_relative_error:M256;deann_mean_relative_error:M512;deann_median_time_ns:M256;deann_median_time_ns:M512;deann_original:M256;deann_original:M512;exact:M0;final:M256
isolet,test,exact_annular,512,0.05213405201189376,0.6444055,512.0,1000,0.047977637894130336,0.05606505739406513,5.213405201189376,False,deann_mean_relative_error:M256;deann_mean_relative_error:M512;deann_median_time_ns:M512;deann_original:M256;deann_original:M512;exact:M0
isolet,test,final,32,0.3520774874551563,0.307157,32.0,1000,0.32530565909572656,0.38057063792852747,35.20774874551563,False,deann_mean_relative_error:M64;deann_mean_relative_error:M128;deann_mean_relative_error:M256;deann_median_time_ns:M64;deann_median_time_ns:M128;deann_median_time_ns:M256;deann_median_time_ns:M512;deann_original:M64;deann_original:M128;deann_original:M256;deann_original:M512;uniform_mc:M128;uniform_mc:M256
isolet,test,final,64,0.20992147212778903,0.321203,64.0,1000,0.19640358295188193,0.22347660282055873,20.992147212778903,False,deann_mean_relative_error:M64;deann_mean_relative_error:M128;deann_mean_relative_error:M256;deann_median_time_ns:M128;deann_median_time_ns:M256;deann_median_time_ns:M512;deann_original:M64;deann_original:M128;deann_original:M256;deann_original:M512
isolet,test,final,128,0.11002685105252369,0.3917175,128.0,1000,0.10349446484524338,0.11573230923407744,11.002685105252368,False,deann_mean_relative_error:M128;deann_mean_relative_error:M256;deann_mean_relative_error:M512;deann_median_time_ns:M256;deann_median_time_ns:M512;deann_original:M128;deann_original:M256;deann_original:M512
isolet,test,final,256,0.0529640970063212,0.489052,256.0,1000,0.04996228129881212,0.05590622802082401,5.29640970063212,False,deann_mean_relative_error:M256;deann_mean_relative_error:M512;deann_median_time_ns:M512;deann_original:M256;deann_original:M512;exact:M0
isolet,test,final,512,0.022004976421735194,0.6477575,512.0,1000,0.02069258711911342,0.023561912010141246,2.2004976421735196,False,deann_mean_relative_error:M512;exact:M0
isolet,test,uniform_mc,32,0.5655079436791595,0.0818445,32.0,1000,0.5213494673864152,0.6147008682059854,56.55079436791595,False,deann_median_time_ns:M32;deann_median_time_ns:M64;deann_median_time_ns:M128;deann_original:M32
isolet,test,uniform_mc,64,0.4390715091617493,0.088994,64.0,1000,0.3888122041815545,0.4936703904368264,43.90715091617493,False,deann_median_time_ns:M64;deann_median_time_ns:M128;deann_median_time_ns:M256;deann_original:M32;deann_original:M64
isolet,test,uniform_mc,128,0.30723561330817284,0.1311125,128.0,1000,0.28099254549101244,0.33796851031663716,30.723561330817283,False,deann_mean_relative_error:M64;deann_median_time_ns:M64;deann_median_time_ns:M128;deann_median_time_ns:M256;deann_median_time_ns:M512;deann_original:M64;deann_original:M128
isolet,test,uniform_mc,256,0.22681868305275413,0.225738,256.0,1000,0.20498293471442805,0.25175154786581383,22.68186830527541,False,deann_mean_relative_error:M64;deann_mean_relative_error:M128;deann_mean_relative_error:M256;deann_median_time_ns:M128;deann_median_time_ns:M256;deann_median_time_ns:M512;deann_original:M64;deann_original:M128;deann_original:M256
isolet,test,uniform_mc,512,0.13929387887583208,0.3835315,512.0,1000,0.12736833286668667,0.15214712688109816,13.929387887583209,False,deann_mean_relative_error:M128;deann_mean_relative_error:M256;deann_mean_relative_error:M512;deann_median_time_ns:M256;deann_median_time_ns:M512;deann_original:M128;deann_original:M256;deann_original:M512
