dataset,phase,n,method,budget,mean_error,median_latency_ms,mean_kernel_evaluations,observations,error_ci_low,error_ci_high,mean_error_percent,nondominated,dominators
cifar10_gist512,audit_prefix100,1000,deann_mean_relative_error,64,0.13407890920589968,0.143927,66.012,500,0.12554716611130345,0.14271096996496258,13.407890920589969,False,deann_median_time_ns:M128;deann_median_time_ns:M256;deann_original:M128;deann_original:M256
cifar10_gist512,audit_prefix100,1000,deann_mean_relative_error,128,0.06765383144883572,0.1689225,136.984,500,0.0628402619586622,0.07226863766420888,6.765383144883572,False,deann_original:M256
cifar10_gist512,audit_prefix100,1000,deann_mean_relative_error,256,0.026267911716076956,0.2340165,293.428,500,0.02414247458475377,0.028589221032572547,2.6267911716076955,False,exact:M0
cifar10_gist512,audit_prefix100,1000,deann_median_time_ns,64,0.1919325198727998,0.0520475,64.824,500,0.17575033752975294,0.20840460205589273,19.19325198727998,True,
cifar10_gist512,audit_prefix100,1000,deann_median_time_ns,128,0.12615649752864747,0.057786,131.644,500,0.11715035056698271,0.13532641584576355,12.615649752864746,True,
cifar10_gist512,audit_prefix100,1000,deann_median_time_ns,256,0.07117653326985705,0.0706145,270.546,500,0.06661132970557412,0.07582481104682787,7.117653326985705,True,
cifar10_gist512,audit_prefix100,1000,deann_original,64,0.16681099077674422,0.0640255,65.46,500,0.15565659710715316,0.17826218668419733,16.68109907767442,False,deann_median_time_ns:M128
cifar10_gist512,audit_prefix100,1000,deann_original,128,0.10138198626480428,0.074643,134.232,500,0.09217096642846964,0.11139030222662659,10.138198626480428,False,deann_median_time_ns:M256
cifar10_gist512,audit_prefix100,1000,deann_original,256,0.058235963198997515,0.1018365,282.14,500,0.05334342111861097,0.06352533646147118,5.823596319899751,True,
cifar10_gist512,audit_prefix100,1000,exact,0,0.0,0.225698,1000.0,100,0.0,0.0,0.0,True,
cifar10_gist512,audit_prefix100,1000,exact_annular,64,0.11258208517889645,0.391227,64.0,500,0.10211722348709427,0.12380513228251319,11.258208517889646,False,deann_mean_relative_error:M128;deann_mean_relative_error:M256;deann_median_time_ns:M256;deann_original:M128;deann_original:M256;exact:M0;exact_annular:M128;final:M128
cifar10_gist512,audit_prefix100,1000,exact_annular,128,0.08305426298695279,0.388701,128.0,500,0.07368694960077288,0.0934905174400511,8.305426298695279,False,deann_mean_relative_error:M128;deann_mean_relative_error:M256;deann_median_time_ns:M256;deann_original:M256;exact:M0
cifar10_gist512,audit_prefix100,1000,exact_annular,256,0.05225815309602395,0.3920365,256.0,500,0.04731198667644727,0.05721821987100325,5.225815309602395,False,deann_mean_relative_error:M256;exact:M0
cifar10_gist512,audit_prefix100,1000,final,64,0.14999711881175468,0.2694085,64.0,500,0.13756785448946757,0.16326606179637645,14.999711881175468,False,deann_mean_relative_error:M64;deann_mean_relative_error:M128;deann_mean_relative_error:M256;deann_median_time_ns:M128;deann_median_time_ns:M256;deann_original:M128;deann_original:M256;exact:M0;uniform_mc:M256
cifar10_gist512,audit_prefix100,1000,final,128,0.09542518075891467,0.3122305,128.0,500,0.08723260261100174,0.1043773190182546,9.542518075891467,False,deann_mean_relative_error:M128;deann_mean_relative_error:M256;deann_median_time_ns:M256;deann_original:M256;exact:M0
cifar10_gist512,audit_prefix100,1000,final,256,0.048397349506533696,0.4027975,256.0,500,0.04482126370853274,0.052433836147645345,4.839734950653369,False,deann_mean_relative_error:M256;exact:M0
cifar10_gist512,audit_prefix100,1000,uniform_mc,64,0.23342322537982393,0.087397,64.0,500,0.21184558965829364,0.2589641409282842,23.342322537982394,False,deann_median_time_ns:M64;deann_median_time_ns:M128;deann_median_time_ns:M256;deann_original:M64;deann_original:M128
cifar10_gist512,audit_prefix100,1000,uniform_mc,128,0.16845547696111396,0.116482,128.0,500,0.15271056397855767,0.1838944559083016,16.845547696111396,False,deann_median_time_ns:M128;deann_median_time_ns:M256;deann_original:M64;deann_original:M128;deann_original:M256
cifar10_gist512,audit_prefix100,1000,uniform_mc,256,0.11465907697204113,0.196685,256.0,500,0.10365345276191343,0.12713612639354346,11.465907697204113,False,deann_mean_relative_error:M128;deann_median_time_ns:M256;deann_original:M128;deann_original:M256
cifar10_gist512,audit_prefix100,1800,deann_mean_relative_error,64,0.18146544960982033,0.1966215,64.872,500,0.1674469854052374,0.19560924447316752,18.146544960982034,False,deann_median_time_ns:M128;deann_median_time_ns:M256;deann_original:M128;deann_original:M256
cifar10_gist512,audit_prefix100,1800,deann_mean_relative_error,128,0.09930543450088518,0.209846,131.528,500,0.09163200951431032,0.10729766392589549,9.930543450088518,False,deann_original:M256
cifar10_gist512,audit_prefix100,1800,deann_mean_relative_error,256,0.052247793915723664,0.240127,270.224,500,0.04868445701726796,0.05559904111619873,5.224779391572366,True,
cifar10_gist512,audit_prefix100,1800,deann_median_time_ns,64,0.23000225575940603,0.048967,64.532,500,0.2101334273868487,0.25190830551596366,23.000225575940604,True,
cifar10_gist512,audit_prefix100,1800,deann_median_time_ns,128,0.15569914838673102,0.0554235,130.056,500,0.14260371170972663,0.1676790533975988,15.569914838673101,True,
cifar10_gist512,audit_prefix100,1800,deann_median_time_ns,256,0.10004571383634173,0.0679075,264.036,500,0.08993618919934497,0.10986263327469682,10.004571383634172,True,
cifar10_gist512,audit_prefix100,1800,deann_original,64,0.19449440315995437,0.0710785,64.864,500,0.18038795116214607,0.208620496271224,19.449440315995435,False,deann_median_time_ns:M128;deann_median_time_ns:M256
cifar10_gist512,audit_prefix100,1800,deann_original,128,0.11339060029144334,0.0819695,131.496,500,0.104685406297526,0.12264761604427613,11.339060029144333,False,deann_median_time_ns:M256
cifar10_gist512,audit_prefix100,1800,deann_original,256,0.07226980965651401,0.1082195,270.2,500,0.06677828975956729,0.0783960989495403,7.226980965651402,True,
cifar10_gist512,audit_prefix100,1800,exact,0,0.0,0.365697,1800.0,100,0.0,0.0,0.0,True,
cifar10_gist512,audit_prefix100,1800,exact_annular,64,0.11980907446388608,0.5491295,64.0,500,0.10821325863524182,0.13327311329795444,11.980907446388608,False,deann_mean_relative_error:M128;deann_mean_relative_error:M256;deann_median_time_ns:M256;deann_original:M128;deann_original:M256;exact:M0;exact_annular:M128;final:M128;final:M256
cifar10_gist512,audit_prefix100,1800,exact_annular,128,0.0870151289769853,0.5443495,128.0,500,0.07578592967528673,0.10111774681277633,8.70151289769853,False,deann_mean_relative_error:M256;deann_original:M256;exact:M0;final:M256
cifar10_gist512,audit_prefix100,1800,exact_annular,256,0.05920174360403421,0.5505165,256.0,500,0.05193853219985064,0.06867361208627963,5.920174360403421,False,deann_mean_relative_error:M256;exact:M0
cifar10_gist512,audit_prefix100,1800,final,64,0.1751606460784701,0.3078805,64.0,500,0.16224183226911112,0.19002240237662776,17.51606460784701,False,deann_mean_relative_error:M128;deann_mean_relative_error:M256;deann_median_time_ns:M128;deann_median_time_ns:M256;deann_original:M128;deann_original:M256;uniform_mc:M256
cifar10_gist512,audit_prefix100,1800,final,128,0.10911322038082452,0.358874,128.0,500,0.09959622201270597,0.11967434336324624,10.911322038082453,False,deann_mean_relative_error:M128;deann_mean_relative_error:M256;deann_median_time_ns:M256;deann_original:M256
cifar10_gist512,audit_prefix100,1800,final,256,0.06072370202936851,0.45255,256.0,500,0.055434173503162446,0.06603326043357914,6.072370202936852,False,deann_mean_relative_error:M256;exact:M0
cifar10_gist512,audit_prefix100,1800,uniform_mc,64,0.2443916201552164,0.08678,64.0,500,0.22048595911580837,0.2682555712115398,24.43916201552164,False,deann_median_time_ns:M64;deann_median_time_ns:M128;deann_median_time_ns:M256;deann_original:M64;deann_original:M128
cifar10_gist512,audit_prefix100,1800,uniform_mc,128,0.19349062001771428,0.115586,128.0,500,0.16641334562141527,0.22569293263094242,19.34906200177143,False,deann_median_time_ns:M128;deann_median_time_ns:M256;deann_original:M128;deann_original:M256
cifar10_gist512,audit_prefix100,1800,uniform_mc,256,0.12443868530112807,0.19703,256.0,500,0.1090680368663688,0.14185980915964222,12.443868530112807,False,deann_median_time_ns:M256;deann_original:M128;deann_original:M256
cifar10_gist512,audit_prefix100,5000,deann_mean_relative_error,64,0.22143630709004813,0.4138545,64.164,500,0.1982060041257183,0.24683267237850476,22.143630709004814,False,deann_median_time_ns:M128;deann_median_time_ns:M256;deann_original:M128;deann_original:M256;uniform_mc:M128;uniform_mc:M256
cifar10_gist512,audit_prefix100,5000,deann_mean_relative_error,128,0.14679863150307146,0.419872,128.656,500,0.13493070914307925,0.15890235534247227,14.679863150307146,False,deann_mean_relative_error:M256;deann_median_time_ns:M256;deann_original:M128;deann_original:M256;uniform_mc:M256
cifar10_gist512,audit_prefix100,5000,deann_mean_relative_error,256,0.09467885725856783,0.4196315,258.908,500,0.08767951166777228,0.10175951899201592,9.467885725856782,False,deann_original:M256
cifar10_gist512,audit_prefix100,5000,deann_median_time_ns,64,0.2420365681988869,0.0582695,64.176,500,0.21950879020626485,0.2673014755052363,24.20365681988869,True,
cifar10_gist512,audit_prefix100,5000,deann_median_time_ns,128,0.17341596538323742,0.0648165,128.692,500,0.15346196317086533,0.19547646969679566,17.341596538323742,True,
cifar10_gist512,audit_prefix100,5000,deann_median_time_ns,256,0.12278191818823818,0.08043,258.904,500,0.11037618069188648,0.13540965497711407,12.278191818823817,True,
cifar10_gist512,audit_prefix100,5000,deann_original,64,0.23874951280774934,0.120888,64.268,500,0.21829361601802727,0.2623978928857956,23.874951280774933,False,deann_median_time_ns:M128;deann_median_time_ns:M256;uniform_mc:M128
cifar10_gist512,audit_prefix100,5000,deann_original,128,0.1430349083211801,0.1255115,129.316,500,0.13113947578876117,0.15504130961518958,14.30349083211801,False,deann_median_time_ns:M256
cifar10_gist512,audit_prefix100,5000,deann_original,256,0.09185540081275426,0.1558215,261.1,500,0.08335356809620931,0.10010631083867848,9.185540081275425,True,
cifar10_gist512,audit_prefix100,5000,exact,0,0.0,1.058745,5000.0,100,0.0,0.0,0.0,True,
cifar10_gist512,audit_prefix100,5000,exact_annular,64,0.11327151239341013,1.178843,64.0,500,0.10097739358503088,0.13030871857004556,11.327151239341013,False,deann_mean_relative_error:M256;deann_original:M256;exact:M0;exact_annular:M128;exact_annular:M256;final:M256
cifar10_gist512,audit_prefix100,5000,exact_annular,128,0.08228344829716787,1.173937,128.0,500,0.07308408191134298,0.09327989797425079,8.228344829716788,False,exact:M0
cifar10_gist512,audit_prefix100,5000,exact_annular,256,0.0642493105083236,1.178011,256.0,500,0.0566004502934187,0.07166696481481524,6.42493105083236,False,exact:M0
cifar10_gist512,audit_prefix100,5000,final,64,0.2307034520998385,0.514869,64.0,500,0.1814597433241003,0.31477084959546087,23.07034520998385,False,deann_mean_relative_error:M64;deann_mean_relative_error:M128;deann_mean_relative_error:M256;deann_median_time_ns:M128;deann_median_time_ns:M256;deann_original:M128;deann_original:M256;uniform_mc:M128;uniform_mc:M256
cifar10_gist512,audit_prefix100,5000,final,128,0.1322216460585498,0.5794825,128.0,500,0.12098618436558818,0.1439713482789551,13.22216460585498,False,deann_mean_relative_error:M256;deann_median_time_ns:M256;deann_original:M256
cifar10_gist512,audit_prefix100,5000,final,256,0.08827582020607329,0.6760785,256.0,500,0.08024089131792901,0.09684718591006942,8.827582020607329,True,
cifar10_gist512,audit_prefix100,5000,uniform_mc,64,0.2499120413716907,0.0866845,64.0,500,0.22354513661620667,0.278099313488419,24.99120413716907,False,deann_median_time_ns:M64;deann_median_time_ns:M128;deann_median_time_ns:M256
cifar10_gist512,audit_prefix100,5000,uniform_mc,128,0.1928197759052115,0.117387,128.0,500,0.17153575286151387,0.2158071035918415,19.281977590521148,False,deann_median_time_ns:M128;deann_median_time_ns:M256
cifar10_gist512,audit_prefix100,5000,uniform_mc,256,0.13488951199496652,0.2005975,256.0,500,0.11928155981281371,0.15118391124931274,13.488951199496652,False,deann_median_time_ns:M256;deann_original:M256
cifar10_gist512,audit_prefix100,10000,deann_mean_relative_error,64,0.24896406708485783,0.558723,64.088,500,0.22707273792050672,0.2724452675924036,24.89640670848578,False,deann_median_time_ns:M128;deann_median_time_ns:M256;deann_original:M128;deann_original:M256;uniform_mc:M128;uniform_mc:M256
cifar10_gist512,audit_prefix100,10000,deann_mean_relative_error,128,0.16042359405576498,0.56694,128.38,500,0.1461531282267078,0.17606342573597364,16.042359405576498,False,deann_median_time_ns:M256;deann_original:M128;deann_original:M256;uniform_mc:M256
cifar10_gist512,audit_prefix100,10000,deann_mean_relative_error,256,0.10229958759418042,0.5858145,257.408,500,0.09234602980244816,0.11220260464492776,10.229958759418043,True,
cifar10_gist512,audit_prefix100,10000,deann_median_time_ns,64,0.25917289813794603,0.077647,64.096,500,0.2333255856155906,0.28437330349375795,25.917289813794604,True,
cifar10_gist512,audit_prefix100,10000,deann_median_time_ns,128,0.17821210309729055,0.0847305,128.36,500,0.15953361889240042,0.19928855420452804,17.821210309729054,True,
cifar10_gist512,audit_prefix100,10000,deann_median_time_ns,256,0.13036090530484723,0.102404,257.4,500,0.11363826884804522,0.15206016379585113,13.036090530484723,True,
cifar10_gist512,audit_prefix100,10000,deann_original,64,0.24927228288018577,0.219171,64.184,500,0.22552845537868657,0.2733329862683149,24.927228288018576,False,deann_median_time_ns:M128;deann_median_time_ns:M256;uniform_mc:M128;uniform_mc:M256
cifar10_gist512,audit_prefix100,10000,deann_original,128,0.1550918209103599,0.243274,128.684,500,0.1388415527999175,0.17566464519814942,15.509182091035989,False,deann_median_time_ns:M256;uniform_mc:M256
cifar10_gist512,audit_prefix100,10000,deann_original,256,0.10317391436727408,0.277341,258.396,500,0.09624419415508878,0.11148143916819234,10.317391436727409,True,
cifar10_gist512,audit_prefix100,10000,exact,0,0.0,2.635351,10000.0,100,0.0,0.0,0.0,True,
cifar10_gist512,audit_prefix100,10000,exact_annular,64,0.1109352769105192,2.2917295,64.0,500,0.10028765942683156,0.12203985535568315,11.09352769105192,False,deann_mean_relative_error:M256;deann_original:M256;exact_annular:M128;final:M256
cifar10_gist512,audit_prefix100,10000,exact_annular,128,0.08091519261829082,2.2791925,128.0,500,0.07371977399134909,0.08837553563840028,8.091519261829081,True,
cifar10_gist512,audit_prefix100,10000,exact_annular,256,0.059493233842526416,2.2935195,256.0,500,0.05245730774459834,0.06759299784815088,5.949323384252642,True,
cifar10_gist512,audit_prefix100,10000,final,64,0.20218306824701704,0.8744345,64.0,500,0.18386884027664432,0.22188977653278258,20.218306824701703,False,deann_mean_relative_error:M128;deann_mean_relative_error:M256;deann_median_time_ns:M128;deann_median_time_ns:M256;deann_original:M128;deann_original:M256;uniform_mc:M128;uniform_mc:M256
cifar10_gist512,audit_prefix100,10000,final,128,0.14487673926173023,0.93254,128.0,500,0.13321198162213896,0.15769689841612927,14.487673926173022,False,deann_mean_relative_error:M256;deann_median_time_ns:M256;deann_original:M256;uniform_mc:M256
cifar10_gist512,audit_prefix100,10000,final,256,0.08754491153371946,1.0572055,256.0,500,0.08006514596418272,0.09543927101733428,8.754491153371946,True,
cifar10_gist512,audit_prefix100,10000,uniform_mc,64,0.3514151862351853,0.0885805,64.0,500,0.23539884535587124,0.5535557555490406,35.14151862351853,False,deann_median_time_ns:M64;deann_median_time_ns:M128
cifar10_gist512,audit_prefix100,10000,uniform_mc,128,0.19490155339142237,0.1181445,128.0,500,0.16940792269405833,0.2230534267845762,19.490155339142238,False,deann_median_time_ns:M128;deann_median_time_ns:M256
cifar10_gist512,audit_prefix100,10000,uniform_mc,256,0.13807086839143878,0.2047255,256.0,500,0.11954034882734098,0.15819727632358757,13.807086839143878,False,deann_median_time_ns:M256
cifar10_gist512,audit_prefix100,20000,deann_mean_relative_error,64,0.24668490810985486,1.411089,64.092,500,0.22608291767904265,0.2673964661075397,24.668490810985485,False,deann_median_time_ns:M128;deann_median_time_ns:M256;deann_original:M128;deann_original:M256;uniform_mc:M128;uniform_mc:M256
cifar10_gist512,audit_prefix100,20000,deann_mean_relative_error,128,0.17310930824616622,1.436879,128.384,500,0.15811487915946962,0.18928301524026034,17.310930824616623,False,deann_median_time_ns:M256;deann_original:M256
cifar10_gist512,audit_prefix100,20000,deann_mean_relative_error,256,0.11517814683237027,1.4895695,257.224,500,0.10567637756279996,0.12465605578345403,11.517814683237027,True,
cifar10_gist512,audit_prefix100,20000,deann_median_time_ns,64,0.26882042890824037,0.1096705,64.024,500,0.2400770587145884,0.2989186449245027,26.88204289082404,False,uniform_mc:M64
cifar10_gist512,audit_prefix100,20000,deann_median_time_ns,128,0.1733284463962952,0.1226405,128.176,500,0.15978725967066396,0.18838793890577601,17.33284463962952,True,
cifar10_gist512,audit_prefix100,20000,deann_median_time_ns,256,0.12074396264239953,0.142068,256.712,500,0.10859865568033966,0.1350198784860866,12.074396264239953,True,
cifar10_gist512,audit_prefix100,20000,deann_original,64,0.2543874670114155,0.289445,64.084,500,0.23113098835259677,0.2773701702223195,25.43874670114155,False,deann_median_time_ns:M128;deann_median_time_ns:M256;uniform_mc:M64;uniform_mc:M128;uniform_mc:M256
cifar10_gist512,audit_prefix100,20000,deann_original,128,0.17810373296735046,0.3047785,128.356,500,0.1620494570784455,0.19432404171247547,17.810373296735047,False,deann_median_time_ns:M128;deann_median_time_ns:M256
cifar10_gist512,audit_prefix100,20000,deann_original,256,0.12798670602043224,0.345635,257.176,500,0.11196015186247413,0.14696390896674974,12.798670602043224,False,deann_median_time_ns:M256
cifar10_gist512,audit_prefix100,20000,exact,0,0.0,4.799833,20000.0,100,0.0,0.0,0.0,True,
cifar10_gist512,audit_prefix100,20000,exact_annular,64,0.11807409547142154,4.9567895,64.0,500,0.10896000682728667,0.12817891614480442,11.807409547142154,False,deann_mean_relative_error:M256;exact:M0;exact_annular:M128;exact_annular:M256;final:M256
cifar10_gist512,audit_prefix100,20000,exact_annular,128,0.07938925362622257,4.9393865,128.0,500,0.0711356920211925,0.08743685007901165,7.938925362622257,False,exact:M0
cifar10_gist512,audit_prefix100,20000,exact_annular,256,0.05352021757719133,4.946134,256.0,500,0.0484872098595956,0.05875515263910859,5.352021757719133,False,exact:M0
cifar10_gist512,audit_prefix100,20000,final,64,0.2214392928964322,1.604727,64.0,500,0.19794805587189532,0.25073961206662504,22.143929289643218,False,deann_mean_relative_error:M128;deann_mean_relative_error:M256;deann_median_time_ns:M128;deann_median_time_ns:M256;deann_original:M128;deann_original:M256;uniform_mc:M128
cifar10_gist512,audit_prefix100,20000,final,128,0.15516138681001534,1.651302,128.0,500,0.14117655020177813,0.17082622656981467,15.516138681001534,False,deann_mean_relative_error:M256;deann_median_time_ns:M256;deann_original:M256
cifar10_gist512,audit_prefix100,20000,final,256,0.10252875378837689,1.821521,256.0,500,0.09378431003418658,0.11280119572433418,10.25287537883769,True,
cifar10_gist512,audit_prefix100,20000,uniform_mc,64,0.2533978740480899,0.088998,64.0,500,0.22816745343259362,0.2807204621540466,25.339787404808988,True,
cifar10_gist512,audit_prefix100,20000,uniform_mc,128,0.19090797428578016,0.1201805,128.0,500,0.17067526990805865,0.21366223121872227,19.090797428578014,True,
cifar10_gist512,audit_prefix100,20000,uniform_mc,256,0.23444249051882493,0.2049085,256.0,500,0.12233783700374663,0.4448639549491902,23.444249051882494,False,deann_median_time_ns:M128;deann_median_time_ns:M256;uniform_mc:M128
